gguf_ex_read_0: version:      3
gguf_ex_read_0: alignment:   32
gguf_ex_read_0: data offset: 5985760
gguf_ex_read_0: n_kv: 49
gguf_ex_read_0: kv[0]: key = general.architecture
gguf_ex_read_0: kv[1]: key = general.type
gguf_ex_read_0: kv[2]: key = general.sampling.top_k
gguf_ex_read_0: kv[3]: key = general.sampling.top_p
gguf_ex_read_0: kv[4]: key = general.sampling.temp
gguf_ex_read_0: kv[5]: key = general.name
gguf_ex_read_0: kv[6]: key = general.finetune
gguf_ex_read_0: kv[7]: key = general.basename
gguf_ex_read_0: kv[8]: key = general.size_label
gguf_ex_read_0: kv[9]: key = general.license
gguf_ex_read_0: kv[10]: key = general.license.link
gguf_ex_read_0: kv[11]: key = general.tags
gguf_ex_read_0: kv[12]: key = qwen3next.block_count
gguf_ex_read_0: kv[13]: key = qwen3next.context_length
gguf_ex_read_0: kv[14]: key = qwen3next.embedding_length
gguf_ex_read_0: kv[15]: key = qwen3next.feed_forward_length
gguf_ex_read_0: kv[16]: key = qwen3next.attention.head_count
gguf_ex_read_0: kv[17]: key = qwen3next.attention.head_count_kv
gguf_ex_read_0: kv[18]: key = qwen3next.rope.freq_base
gguf_ex_read_0: kv[19]: key = qwen3next.attention.layer_norm_rms_epsilon
gguf_ex_read_0: kv[20]: key = qwen3next.expert_count
gguf_ex_read_0: kv[21]: key = qwen3next.expert_used_count
gguf_ex_read_0: kv[22]: key = qwen3next.attention.key_length
gguf_ex_read_0: kv[23]: key = qwen3next.attention.value_length
gguf_ex_read_0: kv[24]: key = qwen3next.expert_feed_forward_length
gguf_ex_read_0: kv[25]: key = qwen3next.expert_shared_feed_forward_length
gguf_ex_read_0: kv[26]: key = qwen3next.ssm.conv_kernel
gguf_ex_read_0: kv[27]: key = qwen3next.ssm.state_size
gguf_ex_read_0: kv[28]: key = qwen3next.ssm.group_count
gguf_ex_read_0: kv[29]: key = qwen3next.ssm.time_step_rank
gguf_ex_read_0: kv[30]: key = qwen3next.ssm.inner_size
gguf_ex_read_0: kv[31]: key = qwen3next.full_attention_interval
gguf_ex_read_0: kv[32]: key = qwen3next.rope.dimension_count
gguf_ex_read_0: kv[33]: key = tokenizer.ggml.model
gguf_ex_read_0: kv[34]: key = tokenizer.ggml.pre
gguf_ex_read_0: kv[35]: key = tokenizer.ggml.tokens
gguf_ex_read_0: kv[36]: key = tokenizer.ggml.token_type
gguf_ex_read_0: kv[37]: key = tokenizer.ggml.merges
gguf_ex_read_0: kv[38]: key = tokenizer.ggml.eos_token_id
gguf_ex_read_0: kv[39]: key = tokenizer.ggml.padding_token_id
gguf_ex_read_0: kv[40]: key = tokenizer.ggml.bos_token_id
gguf_ex_read_0: kv[41]: key = tokenizer.ggml.add_bos_token
gguf_ex_read_0: kv[42]: key = tokenizer.chat_template
gguf_ex_read_0: kv[43]: key = general.quantization_version
gguf_ex_read_0: kv[44]: key = general.file_type
gguf_ex_read_0: kv[45]: key = quantize.imatrix.file
gguf_ex_read_0: kv[46]: key = quantize.imatrix.dataset
gguf_ex_read_0: kv[47]: key = quantize.imatrix.entries_count
gguf_ex_read_0: kv[48]: key = quantize.imatrix.chunks_count
gguf_ex_read_0: find key: some.parameter.string not found.
gguf_ex_read_0: n_tensors: 843
gguf_ex_read_0: tensor[0]: name = output.weight, size = 255252480, offset = 0
gguf_ex_read_0: tensor[1]: name = output_norm.weight, size = 8192, offset = 255252480
gguf_ex_read_0: tensor[2]: name = token_embd.weight, size = 175030272, offset = 255260672
gguf_ex_read_0: tensor[3]: name = blk.0.attn_gate.weight, size = 4718592, offset = 430290944
gguf_ex_read_0: tensor[4]: name = blk.0.attn_norm.weight, size = 8192, offset = 435009536
gguf_ex_read_0: tensor[5]: name = blk.0.attn_qkv.weight, size = 11534336, offset = 435017728
gguf_ex_read_0: tensor[6]: name = blk.0.ffn_down_exps.weight, size = 440401920, offset = 446552064
gguf_ex_read_0: tensor[7]: name = blk.0.ffn_down_shexp.weight, size = 1114112, offset = 886953984
gguf_ex_read_0: tensor[8]: name = blk.0.ffn_gate_exps.weight, size = 301989888, offset = 888068096
gguf_ex_read_0: tensor[9]: name = blk.0.ffn_gate_inp.weight, size = 4194304, offset = 1190057984
gguf_ex_read_0: tensor[10]: name = blk.0.ffn_gate_inp_shexp.weight, size = 8192, offset = 1194252288
gguf_ex_read_0: tensor[11]: name = blk.0.ffn_gate_shexp.weight, size = 1114112, offset = 1194260480
gguf_ex_read_0: tensor[12]: name = blk.0.ffn_up_exps.weight, size = 301989888, offset = 1195374592
gguf_ex_read_0: tensor[13]: name = blk.0.ffn_up_shexp.weight, size = 1114112, offset = 1497364480
gguf_ex_read_0: tensor[14]: name = blk.0.post_attention_norm.weight, size = 8192, offset = 1498478592
gguf_ex_read_0: tensor[15]: name = blk.0.ssm_a, size = 128, offset = 1498486784
gguf_ex_read_0: tensor[16]: name = blk.0.ssm_ba.weight, size = 139264, offset = 1498486912
gguf_ex_read_0: tensor[17]: name = blk.0.ssm_conv1d.weight, size = 131072, offset = 1498626176
gguf_ex_read_0: tensor[18]: name = blk.0.ssm_dt.bias, size = 128, offset = 1498757248
gguf_ex_read_0: tensor[19]: name = blk.0.ssm_norm.weight, size = 512, offset = 1498757376
gguf_ex_read_0: tensor[20]: name = blk.0.ssm_out.weight, size = 8912896, offset = 1498757888
gguf_ex_read_0: tensor[21]: name = blk.1.attn_gate.weight, size = 4718592, offset = 1507670784
gguf_ex_read_0: tensor[22]: name = blk.1.attn_norm.weight, size = 8192, offset = 1512389376
gguf_ex_read_0: tensor[23]: name = blk.1.attn_qkv.weight, size = 11534336, offset = 1512397568
gguf_ex_read_0: tensor[24]: name = blk.1.ffn_down_exps.weight, size = 440401920, offset = 1523931904
gguf_ex_read_0: tensor[25]: name = blk.1.ffn_down_shexp.weight, size = 1114112, offset = 1964333824
gguf_ex_read_0: tensor[26]: name = blk.1.ffn_gate_exps.weight, size = 301989888, offset = 1965447936
gguf_ex_read_0: tensor[27]: name = blk.1.ffn_gate_inp.weight, size = 4194304, offset = 2267437824
gguf_ex_read_0: tensor[28]: name = blk.1.ffn_gate_inp_shexp.weight, size = 8192, offset = 2271632128
gguf_ex_read_0: tensor[29]: name = blk.1.ffn_gate_shexp.weight, size = 1114112, offset = 2271640320
gguf_ex_read_0: tensor[30]: name = blk.1.ffn_up_exps.weight, size = 301989888, offset = 2272754432
gguf_ex_read_0: tensor[31]: name = blk.1.ffn_up_shexp.weight, size = 1114112, offset = 2574744320
gguf_ex_read_0: tensor[32]: name = blk.1.post_attention_norm.weight, size = 8192, offset = 2575858432
gguf_ex_read_0: tensor[33]: name = blk.1.ssm_a, size = 128, offset = 2575866624
gguf_ex_read_0: tensor[34]: name = blk.1.ssm_ba.weight, size = 139264, offset = 2575866752
gguf_ex_read_0: tensor[35]: name = blk.1.ssm_conv1d.weight, size = 131072, offset = 2576006016
gguf_ex_read_0: tensor[36]: name = blk.1.ssm_dt.bias, size = 128, offset = 2576137088
gguf_ex_read_0: tensor[37]: name = blk.1.ssm_norm.weight, size = 512, offset = 2576137216
gguf_ex_read_0: tensor[38]: name = blk.1.ssm_out.weight, size = 8912896, offset = 2576137728
gguf_ex_read_0: tensor[39]: name = blk.2.attn_gate.weight, size = 4718592, offset = 2585050624
gguf_ex_read_0: tensor[40]: name = blk.2.attn_norm.weight, size = 8192, offset = 2589769216
gguf_ex_read_0: tensor[41]: name = blk.2.attn_qkv.weight, size = 11534336, offset = 2589777408
gguf_ex_read_0: tensor[42]: name = blk.2.ffn_down_exps.weight, size = 440401920, offset = 2601311744
gguf_ex_read_0: tensor[43]: name = blk.2.ffn_down_shexp.weight, size = 1114112, offset = 3041713664
gguf_ex_read_0: tensor[44]: name = blk.2.ffn_gate_exps.weight, size = 301989888, offset = 3042827776
gguf_ex_read_0: tensor[45]: name = blk.2.ffn_gate_inp.weight, size = 4194304, offset = 3344817664
gguf_ex_read_0: tensor[46]: name = blk.2.ffn_gate_inp_shexp.weight, size = 8192, offset = 3349011968
gguf_ex_read_0: tensor[47]: name = blk.2.ffn_gate_shexp.weight, size = 1114112, offset = 3349020160
gguf_ex_read_0: tensor[48]: name = blk.2.ffn_up_exps.weight, size = 301989888, offset = 3350134272
gguf_ex_read_0: tensor[49]: name = blk.2.ffn_up_shexp.weight, size = 1114112, offset = 3652124160
gguf_ex_read_0: tensor[50]: name = blk.2.post_attention_norm.weight, size = 8192, offset = 3653238272
gguf_ex_read_0: tensor[51]: name = blk.2.ssm_a, size = 128, offset = 3653246464
gguf_ex_read_0: tensor[52]: name = blk.2.ssm_ba.weight, size = 139264, offset = 3653246592
gguf_ex_read_0: tensor[53]: name = blk.2.ssm_conv1d.weight, size = 131072, offset = 3653385856
gguf_ex_read_0: tensor[54]: name = blk.2.ssm_dt.bias, size = 128, offset = 3653516928
gguf_ex_read_0: tensor[55]: name = blk.2.ssm_norm.weight, size = 512, offset = 3653517056
gguf_ex_read_0: tensor[56]: name = blk.2.ssm_out.weight, size = 8912896, offset = 3653517568
gguf_ex_read_0: tensor[57]: name = blk.3.attn_k.weight, size = 1114112, offset = 3662430464
gguf_ex_read_0: tensor[58]: name = blk.3.attn_k_norm.weight, size = 1024, offset = 3663544576
gguf_ex_read_0: tensor[59]: name = blk.3.attn_norm.weight, size = 8192, offset = 3663545600
gguf_ex_read_0: tensor[60]: name = blk.3.attn_output.weight, size = 6881280, offset = 3663553792
gguf_ex_read_0: tensor[61]: name = blk.3.attn_q.weight, size = 9437184, offset = 3670435072
gguf_ex_read_0: tensor[62]: name = blk.3.attn_q_norm.weight, size = 1024, offset = 3679872256
gguf_ex_read_0: tensor[63]: name = blk.3.attn_v.weight, size = 1114112, offset = 3679873280
gguf_ex_read_0: tensor[64]: name = blk.3.ffn_down_exps.weight, size = 440401920, offset = 3680987392
gguf_ex_read_0: tensor[65]: name = blk.3.ffn_down_shexp.weight, size = 1114112, offset = 4121389312
gguf_ex_read_0: tensor[66]: name = blk.3.ffn_gate_exps.weight, size = 301989888, offset = 4122503424
gguf_ex_read_0: tensor[67]: name = blk.3.ffn_gate_inp.weight, size = 4194304, offset = 4424493312
gguf_ex_read_0: tensor[68]: name = blk.3.ffn_gate_inp_shexp.weight, size = 8192, offset = 4428687616
gguf_ex_read_0: tensor[69]: name = blk.3.ffn_gate_shexp.weight, size = 1114112, offset = 4428695808
gguf_ex_read_0: tensor[70]: name = blk.3.ffn_up_exps.weight, size = 301989888, offset = 4429809920
gguf_ex_read_0: tensor[71]: name = blk.3.ffn_up_shexp.weight, size = 1114112, offset = 4731799808
gguf_ex_read_0: tensor[72]: name = blk.3.post_attention_norm.weight, size = 8192, offset = 4732913920
gguf_ex_read_0: tensor[73]: name = blk.4.attn_gate.weight, size = 4718592, offset = 4732922112
gguf_ex_read_0: tensor[74]: name = blk.4.attn_norm.weight, size = 8192, offset = 4737640704
gguf_ex_read_0: tensor[75]: name = blk.4.attn_qkv.weight, size = 11534336, offset = 4737648896
gguf_ex_read_0: tensor[76]: name = blk.4.ffn_down_exps.weight, size = 440401920, offset = 4749183232
gguf_ex_read_0: tensor[77]: name = blk.4.ffn_down_shexp.weight, size = 1114112, offset = 5189585152
gguf_ex_read_0: tensor[78]: name = blk.4.ffn_gate_exps.weight, size = 301989888, offset = 5190699264
gguf_ex_read_0: tensor[79]: name = blk.4.ffn_gate_inp.weight, size = 4194304, offset = 5492689152
gguf_ex_read_0: tensor[80]: name = blk.4.ffn_gate_inp_shexp.weight, size = 8192, offset = 5496883456
gguf_ex_read_0: tensor[81]: name = blk.4.ffn_gate_shexp.weight, size = 1114112, offset = 5496891648
gguf_ex_read_0: tensor[82]: name = blk.4.ffn_up_exps.weight, size = 301989888, offset = 5498005760
gguf_ex_read_0: tensor[83]: name = blk.4.ffn_up_shexp.weight, size = 1114112, offset = 5799995648
gguf_ex_read_0: tensor[84]: name = blk.4.post_attention_norm.weight, size = 8192, offset = 5801109760
gguf_ex_read_0: tensor[85]: name = blk.4.ssm_a, size = 128, offset = 5801117952
gguf_ex_read_0: tensor[86]: name = blk.4.ssm_ba.weight, size = 139264, offset = 5801118080
gguf_ex_read_0: tensor[87]: name = blk.4.ssm_conv1d.weight, size = 131072, offset = 5801257344
gguf_ex_read_0: tensor[88]: name = blk.4.ssm_dt.bias, size = 128, offset = 5801388416
gguf_ex_read_0: tensor[89]: name = blk.4.ssm_norm.weight, size = 512, offset = 5801388544
gguf_ex_read_0: tensor[90]: name = blk.4.ssm_out.weight, size = 8912896, offset = 5801389056
gguf_ex_read_0: tensor[91]: name = blk.5.attn_gate.weight, size = 4718592, offset = 5810301952
gguf_ex_read_0: tensor[92]: name = blk.5.attn_norm.weight, size = 8192, offset = 5815020544
gguf_ex_read_0: tensor[93]: name = blk.5.attn_qkv.weight, size = 11534336, offset = 5815028736
gguf_ex_read_0: tensor[94]: name = blk.5.ffn_down_exps.weight, size = 440401920, offset = 5826563072
gguf_ex_read_0: tensor[95]: name = blk.5.ffn_down_shexp.weight, size = 1114112, offset = 6266964992
gguf_ex_read_0: tensor[96]: name = blk.5.ffn_gate_exps.weight, size = 301989888, offset = 6268079104
gguf_ex_read_0: tensor[97]: name = blk.5.ffn_gate_inp.weight, size = 4194304, offset = 6570068992
gguf_ex_read_0: tensor[98]: name = blk.5.ffn_gate_inp_shexp.weight, size = 8192, offset = 6574263296
gguf_ex_read_0: tensor[99]: name = blk.5.ffn_gate_shexp.weight, size = 1114112, offset = 6574271488
gguf_ex_read_0: tensor[100]: name = blk.5.ffn_up_exps.weight, size = 301989888, offset = 6575385600
gguf_ex_read_0: tensor[101]: name = blk.5.ffn_up_shexp.weight, size = 1114112, offset = 6877375488
gguf_ex_read_0: tensor[102]: name = blk.5.post_attention_norm.weight, size = 8192, offset = 6878489600
gguf_ex_read_0: tensor[103]: name = blk.5.ssm_a, size = 128, offset = 6878497792
gguf_ex_read_0: tensor[104]: name = blk.5.ssm_ba.weight, size = 139264, offset = 6878497920
gguf_ex_read_0: tensor[105]: name = blk.5.ssm_conv1d.weight, size = 131072, offset = 6878637184
gguf_ex_read_0: tensor[106]: name = blk.5.ssm_dt.bias, size = 128, offset = 6878768256
gguf_ex_read_0: tensor[107]: name = blk.5.ssm_norm.weight, size = 512, offset = 6878768384
gguf_ex_read_0: tensor[108]: name = blk.5.ssm_out.weight, size = 8912896, offset = 6878768896
gguf_ex_read_0: tensor[109]: name = blk.6.attn_gate.weight, size = 4718592, offset = 6887681792
gguf_ex_read_0: tensor[110]: name = blk.6.attn_norm.weight, size = 8192, offset = 6892400384
gguf_ex_read_0: tensor[111]: name = blk.6.attn_qkv.weight, size = 11534336, offset = 6892408576
gguf_ex_read_0: tensor[112]: name = blk.6.ffn_down_exps.weight, size = 301989888, offset = 6903942912
gguf_ex_read_0: tensor[113]: name = blk.6.ffn_down_shexp.weight, size = 860160, offset = 7205932800
gguf_ex_read_0: tensor[114]: name = blk.6.ffn_gate_exps.weight, size = 301989888, offset = 7206792960
gguf_ex_read_0: tensor[115]: name = blk.6.ffn_gate_inp.weight, size = 4194304, offset = 7508782848
gguf_ex_read_0: tensor[116]: name = blk.6.ffn_gate_inp_shexp.weight, size = 8192, offset = 7512977152
gguf_ex_read_0: tensor[117]: name = blk.6.ffn_gate_shexp.weight, size = 860160, offset = 7512985344
gguf_ex_read_0: tensor[118]: name = blk.6.ffn_up_exps.weight, size = 301989888, offset = 7513845504
gguf_ex_read_0: tensor[119]: name = blk.6.ffn_up_shexp.weight, size = 860160, offset = 7815835392
gguf_ex_read_0: tensor[120]: name = blk.6.post_attention_norm.weight, size = 8192, offset = 7816695552
gguf_ex_read_0: tensor[121]: name = blk.6.ssm_a, size = 128, offset = 7816703744
gguf_ex_read_0: tensor[122]: name = blk.6.ssm_ba.weight, size = 139264, offset = 7816703872
gguf_ex_read_0: tensor[123]: name = blk.6.ssm_conv1d.weight, size = 131072, offset = 7816843136
gguf_ex_read_0: tensor[124]: name = blk.6.ssm_dt.bias, size = 128, offset = 7816974208
gguf_ex_read_0: tensor[125]: name = blk.6.ssm_norm.weight, size = 512, offset = 7816974336
gguf_ex_read_0: tensor[126]: name = blk.6.ssm_out.weight, size = 8912896, offset = 7816974848
gguf_ex_read_0: tensor[127]: name = blk.7.attn_k.weight, size = 1114112, offset = 7825887744
gguf_ex_read_0: tensor[128]: name = blk.7.attn_k_norm.weight, size = 1024, offset = 7827001856
gguf_ex_read_0: tensor[129]: name = blk.7.attn_norm.weight, size = 8192, offset = 7827002880
gguf_ex_read_0: tensor[130]: name = blk.7.attn_output.weight, size = 6881280, offset = 7827011072
gguf_ex_read_0: tensor[131]: name = blk.7.attn_q.weight, size = 9437184, offset = 7833892352
gguf_ex_read_0: tensor[132]: name = blk.7.attn_q_norm.weight, size = 1024, offset = 7843329536
gguf_ex_read_0: tensor[133]: name = blk.7.attn_v.weight, size = 1114112, offset = 7843330560
gguf_ex_read_0: tensor[134]: name = blk.7.ffn_down_exps.weight, size = 301989888, offset = 7844444672
gguf_ex_read_0: tensor[135]: name = blk.7.ffn_down_shexp.weight, size = 860160, offset = 8146434560
gguf_ex_read_0: tensor[136]: name = blk.7.ffn_gate_exps.weight, size = 301989888, offset = 8147294720
gguf_ex_read_0: tensor[137]: name = blk.7.ffn_gate_inp.weight, size = 4194304, offset = 8449284608
gguf_ex_read_0: tensor[138]: name = blk.7.ffn_gate_inp_shexp.weight, size = 8192, offset = 8453478912
gguf_ex_read_0: tensor[139]: name = blk.7.ffn_gate_shexp.weight, size = 860160, offset = 8453487104
gguf_ex_read_0: tensor[140]: name = blk.7.ffn_up_exps.weight, size = 301989888, offset = 8454347264
gguf_ex_read_0: tensor[141]: name = blk.7.ffn_up_shexp.weight, size = 860160, offset = 8756337152
gguf_ex_read_0: tensor[142]: name = blk.7.post_attention_norm.weight, size = 8192, offset = 8757197312
gguf_ex_read_0: tensor[143]: name = blk.8.attn_gate.weight, size = 4718592, offset = 8757205504
gguf_ex_read_0: tensor[144]: name = blk.8.attn_norm.weight, size = 8192, offset = 8761924096
gguf_ex_read_0: tensor[145]: name = blk.8.attn_qkv.weight, size = 11534336, offset = 8761932288
gguf_ex_read_0: tensor[146]: name = blk.8.ffn_down_exps.weight, size = 440401920, offset = 8773466624
gguf_ex_read_0: tensor[147]: name = blk.8.ffn_down_shexp.weight, size = 1114112, offset = 9213868544
gguf_ex_read_0: tensor[148]: name = blk.8.ffn_gate_exps.weight, size = 301989888, offset = 9214982656
gguf_ex_read_0: tensor[149]: name = blk.8.ffn_gate_inp.weight, size = 4194304, offset = 9516972544
gguf_ex_read_0: tensor[150]: name = blk.8.ffn_gate_inp_shexp.weight, size = 8192, offset = 9521166848
gguf_ex_read_0: tensor[151]: name = blk.8.ffn_gate_shexp.weight, size = 1114112, offset = 9521175040
gguf_ex_read_0: tensor[152]: name = blk.8.ffn_up_exps.weight, size = 301989888, offset = 9522289152
gguf_ex_read_0: tensor[153]: name = blk.8.ffn_up_shexp.weight, size = 1114112, offset = 9824279040
gguf_ex_read_0: tensor[154]: name = blk.8.post_attention_norm.weight, size = 8192, offset = 9825393152
gguf_ex_read_0: tensor[155]: name = blk.8.ssm_a, size = 128, offset = 9825401344
gguf_ex_read_0: tensor[156]: name = blk.8.ssm_ba.weight, size = 139264, offset = 9825401472
gguf_ex_read_0: tensor[157]: name = blk.8.ssm_conv1d.weight, size = 131072, offset = 9825540736
gguf_ex_read_0: tensor[158]: name = blk.8.ssm_dt.bias, size = 128, offset = 9825671808
gguf_ex_read_0: tensor[159]: name = blk.8.ssm_norm.weight, size = 512, offset = 9825671936
gguf_ex_read_0: tensor[160]: name = blk.8.ssm_out.weight, size = 8912896, offset = 9825672448
gguf_ex_read_0: tensor[161]: name = blk.9.attn_gate.weight, size = 4718592, offset = 9834585344
gguf_ex_read_0: tensor[162]: name = blk.9.attn_norm.weight, size = 8192, offset = 9839303936
gguf_ex_read_0: tensor[163]: name = blk.9.attn_qkv.weight, size = 11534336, offset = 9839312128
gguf_ex_read_0: tensor[164]: name = blk.9.ffn_down_exps.weight, size = 301989888, offset = 9850846464
gguf_ex_read_0: tensor[165]: name = blk.9.ffn_down_shexp.weight, size = 860160, offset = 10152836352
gguf_ex_read_0: tensor[166]: name = blk.9.ffn_gate_exps.weight, size = 301989888, offset = 10153696512
gguf_ex_read_0: tensor[167]: name = blk.9.ffn_gate_inp.weight, size = 4194304, offset = 10455686400
gguf_ex_read_0: tensor[168]: name = blk.9.ffn_gate_inp_shexp.weight, size = 8192, offset = 10459880704
gguf_ex_read_0: tensor[169]: name = blk.9.ffn_gate_shexp.weight, size = 860160, offset = 10459888896
gguf_ex_read_0: tensor[170]: name = blk.9.ffn_up_exps.weight, size = 301989888, offset = 10460749056
gguf_ex_read_0: tensor[171]: name = blk.9.ffn_up_shexp.weight, size = 860160, offset = 10762738944
gguf_ex_read_0: tensor[172]: name = blk.9.post_attention_norm.weight, size = 8192, offset = 10763599104
gguf_ex_read_0: tensor[173]: name = blk.9.ssm_a, size = 128, offset = 10763607296
gguf_ex_read_0: tensor[174]: name = blk.9.ssm_ba.weight, size = 139264, offset = 10763607424
gguf_ex_read_0: tensor[175]: name = blk.9.ssm_conv1d.weight, size = 131072, offset = 10763746688
gguf_ex_read_0: tensor[176]: name = blk.9.ssm_dt.bias, size = 128, offset = 10763877760
gguf_ex_read_0: tensor[177]: name = blk.9.ssm_norm.weight, size = 512, offset = 10763877888
gguf_ex_read_0: tensor[178]: name = blk.9.ssm_out.weight, size = 8912896, offset = 10763878400
gguf_ex_read_0: tensor[179]: name = blk.10.attn_gate.weight, size = 4718592, offset = 10772791296
gguf_ex_read_0: tensor[180]: name = blk.10.attn_norm.weight, size = 8192, offset = 10777509888
gguf_ex_read_0: tensor[181]: name = blk.10.attn_qkv.weight, size = 11534336, offset = 10777518080
gguf_ex_read_0: tensor[182]: name = blk.10.ffn_down_exps.weight, size = 301989888, offset = 10789052416
gguf_ex_read_0: tensor[183]: name = blk.10.ffn_down_shexp.weight, size = 860160, offset = 11091042304
gguf_ex_read_0: tensor[184]: name = blk.10.ffn_gate_exps.weight, size = 301989888, offset = 11091902464
gguf_ex_read_0: tensor[185]: name = blk.10.ffn_gate_inp.weight, size = 4194304, offset = 11393892352
gguf_ex_read_0: tensor[186]: name = blk.10.ffn_gate_inp_shexp.weight, size = 8192, offset = 11398086656
gguf_ex_read_0: tensor[187]: name = blk.10.ffn_gate_shexp.weight, size = 860160, offset = 11398094848
gguf_ex_read_0: tensor[188]: name = blk.10.ffn_up_exps.weight, size = 301989888, offset = 11398955008
gguf_ex_read_0: tensor[189]: name = blk.10.ffn_up_shexp.weight, size = 860160, offset = 11700944896
gguf_ex_read_0: tensor[190]: name = blk.10.post_attention_norm.weight, size = 8192, offset = 11701805056
gguf_ex_read_0: tensor[191]: name = blk.10.ssm_a, size = 128, offset = 11701813248
gguf_ex_read_0: tensor[192]: name = blk.10.ssm_ba.weight, size = 139264, offset = 11701813376
gguf_ex_read_0: tensor[193]: name = blk.10.ssm_conv1d.weight, size = 131072, offset = 11701952640
gguf_ex_read_0: tensor[194]: name = blk.10.ssm_dt.bias, size = 128, offset = 11702083712
gguf_ex_read_0: tensor[195]: name = blk.10.ssm_norm.weight, size = 512, offset = 11702083840
gguf_ex_read_0: tensor[196]: name = blk.10.ssm_out.weight, size = 8912896, offset = 11702084352
gguf_ex_read_0: tensor[197]: name = blk.11.attn_k.weight, size = 1114112, offset = 11710997248
gguf_ex_read_0: tensor[198]: name = blk.11.attn_k_norm.weight, size = 1024, offset = 11712111360
gguf_ex_read_0: tensor[199]: name = blk.11.attn_norm.weight, size = 8192, offset = 11712112384
gguf_ex_read_0: tensor[200]: name = blk.11.attn_output.weight, size = 6881280, offset = 11712120576
gguf_ex_read_0: tensor[201]: name = blk.11.attn_q.weight, size = 9437184, offset = 11719001856
gguf_ex_read_0: tensor[202]: name = blk.11.attn_q_norm.weight, size = 1024, offset = 11728439040
gguf_ex_read_0: tensor[203]: name = blk.11.attn_v.weight, size = 1114112, offset = 11728440064
gguf_ex_read_0: tensor[204]: name = blk.11.ffn_down_exps.weight, size = 440401920, offset = 11729554176
gguf_ex_read_0: tensor[205]: name = blk.11.ffn_down_shexp.weight, size = 1114112, offset = 12169956096
gguf_ex_read_0: tensor[206]: name = blk.11.ffn_gate_exps.weight, size = 301989888, offset = 12171070208
gguf_ex_read_0: tensor[207]: name = blk.11.ffn_gate_inp.weight, size = 4194304, offset = 12473060096
gguf_ex_read_0: tensor[208]: name = blk.11.ffn_gate_inp_shexp.weight, size = 8192, offset = 12477254400
gguf_ex_read_0: tensor[209]: name = blk.11.ffn_gate_shexp.weight, size = 1114112, offset = 12477262592
gguf_ex_read_0: tensor[210]: name = blk.11.ffn_up_exps.weight, size = 301989888, offset = 12478376704
gguf_ex_read_0: tensor[211]: name = blk.11.ffn_up_shexp.weight, size = 1114112, offset = 12780366592
gguf_ex_read_0: tensor[212]: name = blk.11.post_attention_norm.weight, size = 8192, offset = 12781480704
gguf_ex_read_0: tensor[213]: name = blk.12.attn_gate.weight, size = 4718592, offset = 12781488896
gguf_ex_read_0: tensor[214]: name = blk.12.attn_norm.weight, size = 8192, offset = 12786207488
gguf_ex_read_0: tensor[215]: name = blk.12.attn_qkv.weight, size = 11534336, offset = 12786215680
gguf_ex_read_0: tensor[216]: name = blk.12.ffn_down_exps.weight, size = 301989888, offset = 12797750016
gguf_ex_read_0: tensor[217]: name = blk.12.ffn_down_shexp.weight, size = 860160, offset = 13099739904
gguf_ex_read_0: tensor[218]: name = blk.12.ffn_gate_exps.weight, size = 301989888, offset = 13100600064
gguf_ex_read_0: tensor[219]: name = blk.12.ffn_gate_inp.weight, size = 4194304, offset = 13402589952
gguf_ex_read_0: tensor[220]: name = blk.12.ffn_gate_inp_shexp.weight, size = 8192, offset = 13406784256
gguf_ex_read_0: tensor[221]: name = blk.12.ffn_gate_shexp.weight, size = 860160, offset = 13406792448
gguf_ex_read_0: tensor[222]: name = blk.12.ffn_up_exps.weight, size = 301989888, offset = 13407652608
gguf_ex_read_0: tensor[223]: name = blk.12.ffn_up_shexp.weight, size = 860160, offset = 13709642496
gguf_ex_read_0: tensor[224]: name = blk.12.post_attention_norm.weight, size = 8192, offset = 13710502656
gguf_ex_read_0: tensor[225]: name = blk.12.ssm_a, size = 128, offset = 13710510848
gguf_ex_read_0: tensor[226]: name = blk.12.ssm_ba.weight, size = 139264, offset = 13710510976
gguf_ex_read_0: tensor[227]: name = blk.12.ssm_conv1d.weight, size = 131072, offset = 13710650240
gguf_ex_read_0: tensor[228]: name = blk.12.ssm_dt.bias, size = 128, offset = 13710781312
gguf_ex_read_0: tensor[229]: name = blk.12.ssm_norm.weight, size = 512, offset = 13710781440
gguf_ex_read_0: tensor[230]: name = blk.12.ssm_out.weight, size = 8912896, offset = 13710781952
gguf_ex_read_0: tensor[231]: name = blk.13.attn_gate.weight, size = 4718592, offset = 13719694848
gguf_ex_read_0: tensor[232]: name = blk.13.attn_norm.weight, size = 8192, offset = 13724413440
gguf_ex_read_0: tensor[233]: name = blk.13.attn_qkv.weight, size = 11534336, offset = 13724421632
gguf_ex_read_0: tensor[234]: name = blk.13.ffn_down_exps.weight, size = 301989888, offset = 13735955968
gguf_ex_read_0: tensor[235]: name = blk.13.ffn_down_shexp.weight, size = 860160, offset = 14037945856
gguf_ex_read_0: tensor[236]: name = blk.13.ffn_gate_exps.weight, size = 301989888, offset = 14038806016
gguf_ex_read_0: tensor[237]: name = blk.13.ffn_gate_inp.weight, size = 4194304, offset = 14340795904
gguf_ex_read_0: tensor[238]: name = blk.13.ffn_gate_inp_shexp.weight, size = 8192, offset = 14344990208
gguf_ex_read_0: tensor[239]: name = blk.13.ffn_gate_shexp.weight, size = 860160, offset = 14344998400
gguf_ex_read_0: tensor[240]: name = blk.13.ffn_up_exps.weight, size = 301989888, offset = 14345858560
gguf_ex_read_0: tensor[241]: name = blk.13.ffn_up_shexp.weight, size = 860160, offset = 14647848448
gguf_ex_read_0: tensor[242]: name = blk.13.post_attention_norm.weight, size = 8192, offset = 14648708608
gguf_ex_read_0: tensor[243]: name = blk.13.ssm_a, size = 128, offset = 14648716800
gguf_ex_read_0: tensor[244]: name = blk.13.ssm_ba.weight, size = 139264, offset = 14648716928
gguf_ex_read_0: tensor[245]: name = blk.13.ssm_conv1d.weight, size = 131072, offset = 14648856192
gguf_ex_read_0: tensor[246]: name = blk.13.ssm_dt.bias, size = 128, offset = 14648987264
gguf_ex_read_0: tensor[247]: name = blk.13.ssm_norm.weight, size = 512, offset = 14648987392
gguf_ex_read_0: tensor[248]: name = blk.13.ssm_out.weight, size = 8912896, offset = 14648987904
gguf_ex_read_0: tensor[249]: name = blk.14.attn_gate.weight, size = 4718592, offset = 14657900800
gguf_ex_read_0: tensor[250]: name = blk.14.attn_norm.weight, size = 8192, offset = 14662619392
gguf_ex_read_0: tensor[251]: name = blk.14.attn_qkv.weight, size = 11534336, offset = 14662627584
gguf_ex_read_0: tensor[252]: name = blk.14.ffn_down_exps.weight, size = 440401920, offset = 14674161920
gguf_ex_read_0: tensor[253]: name = blk.14.ffn_down_shexp.weight, size = 1114112, offset = 15114563840
gguf_ex_read_0: tensor[254]: name = blk.14.ffn_gate_exps.weight, size = 301989888, offset = 15115677952
gguf_ex_read_0: tensor[255]: name = blk.14.ffn_gate_inp.weight, size = 4194304, offset = 15417667840
gguf_ex_read_0: tensor[256]: name = blk.14.ffn_gate_inp_shexp.weight, size = 8192, offset = 15421862144
gguf_ex_read_0: tensor[257]: name = blk.14.ffn_gate_shexp.weight, size = 1114112, offset = 15421870336
gguf_ex_read_0: tensor[258]: name = blk.14.ffn_up_exps.weight, size = 301989888, offset = 15422984448
gguf_ex_read_0: tensor[259]: name = blk.14.ffn_up_shexp.weight, size = 1114112, offset = 15724974336
gguf_ex_read_0: tensor[260]: name = blk.14.post_attention_norm.weight, size = 8192, offset = 15726088448
gguf_ex_read_0: tensor[261]: name = blk.14.ssm_a, size = 128, offset = 15726096640
gguf_ex_read_0: tensor[262]: name = blk.14.ssm_ba.weight, size = 139264, offset = 15726096768
gguf_ex_read_0: tensor[263]: name = blk.14.ssm_conv1d.weight, size = 131072, offset = 15726236032
gguf_ex_read_0: tensor[264]: name = blk.14.ssm_dt.bias, size = 128, offset = 15726367104
gguf_ex_read_0: tensor[265]: name = blk.14.ssm_norm.weight, size = 512, offset = 15726367232
gguf_ex_read_0: tensor[266]: name = blk.14.ssm_out.weight, size = 8912896, offset = 15726367744
gguf_ex_read_0: tensor[267]: name = blk.15.attn_k.weight, size = 1114112, offset = 15735280640
gguf_ex_read_0: tensor[268]: name = blk.15.attn_k_norm.weight, size = 1024, offset = 15736394752
gguf_ex_read_0: tensor[269]: name = blk.15.attn_norm.weight, size = 8192, offset = 15736395776
gguf_ex_read_0: tensor[270]: name = blk.15.attn_output.weight, size = 6881280, offset = 15736403968
gguf_ex_read_0: tensor[271]: name = blk.15.attn_q.weight, size = 9437184, offset = 15743285248
gguf_ex_read_0: tensor[272]: name = blk.15.attn_q_norm.weight, size = 1024, offset = 15752722432
gguf_ex_read_0: tensor[273]: name = blk.15.attn_v.weight, size = 1114112, offset = 15752723456
gguf_ex_read_0: tensor[274]: name = blk.15.ffn_down_exps.weight, size = 301989888, offset = 15753837568
gguf_ex_read_0: tensor[275]: name = blk.15.ffn_down_shexp.weight, size = 860160, offset = 16055827456
gguf_ex_read_0: tensor[276]: name = blk.15.ffn_gate_exps.weight, size = 301989888, offset = 16056687616
gguf_ex_read_0: tensor[277]: name = blk.15.ffn_gate_inp.weight, size = 4194304, offset = 16358677504
gguf_ex_read_0: tensor[278]: name = blk.15.ffn_gate_inp_shexp.weight, size = 8192, offset = 16362871808
gguf_ex_read_0: tensor[279]: name = blk.15.ffn_gate_shexp.weight, size = 860160, offset = 16362880000
gguf_ex_read_0: tensor[280]: name = blk.15.ffn_up_exps.weight, size = 301989888, offset = 16363740160
gguf_ex_read_0: tensor[281]: name = blk.15.ffn_up_shexp.weight, size = 860160, offset = 16665730048
gguf_ex_read_0: tensor[282]: name = blk.15.post_attention_norm.weight, size = 8192, offset = 16666590208
gguf_ex_read_0: tensor[283]: name = blk.16.attn_gate.weight, size = 4718592, offset = 16666598400
gguf_ex_read_0: tensor[284]: name = blk.16.attn_norm.weight, size = 8192, offset = 16671316992
gguf_ex_read_0: tensor[285]: name = blk.16.attn_qkv.weight, size = 11534336, offset = 16671325184
gguf_ex_read_0: tensor[286]: name = blk.16.ffn_down_exps.weight, size = 301989888, offset = 16682859520
gguf_ex_read_0: tensor[287]: name = blk.16.ffn_down_shexp.weight, size = 860160, offset = 16984849408
gguf_ex_read_0: tensor[288]: name = blk.16.ffn_gate_exps.weight, size = 301989888, offset = 16985709568
gguf_ex_read_0: tensor[289]: name = blk.16.ffn_gate_inp.weight, size = 4194304, offset = 17287699456
gguf_ex_read_0: tensor[290]: name = blk.16.ffn_gate_inp_shexp.weight, size = 8192, offset = 17291893760
gguf_ex_read_0: tensor[291]: name = blk.16.ffn_gate_shexp.weight, size = 860160, offset = 17291901952
gguf_ex_read_0: tensor[292]: name = blk.16.ffn_up_exps.weight, size = 301989888, offset = 17292762112
gguf_ex_read_0: tensor[293]: name = blk.16.ffn_up_shexp.weight, size = 860160, offset = 17594752000
gguf_ex_read_0: tensor[294]: name = blk.16.post_attention_norm.weight, size = 8192, offset = 17595612160
gguf_ex_read_0: tensor[295]: name = blk.16.ssm_a, size = 128, offset = 17595620352
gguf_ex_read_0: tensor[296]: name = blk.16.ssm_ba.weight, size = 139264, offset = 17595620480
gguf_ex_read_0: tensor[297]: name = blk.16.ssm_conv1d.weight, size = 131072, offset = 17595759744
gguf_ex_read_0: tensor[298]: name = blk.16.ssm_dt.bias, size = 128, offset = 17595890816
gguf_ex_read_0: tensor[299]: name = blk.16.ssm_norm.weight, size = 512, offset = 17595890944
gguf_ex_read_0: tensor[300]: name = blk.16.ssm_out.weight, size = 8912896, offset = 17595891456
gguf_ex_read_0: tensor[301]: name = blk.17.attn_gate.weight, size = 4718592, offset = 17604804352
gguf_ex_read_0: tensor[302]: name = blk.17.attn_norm.weight, size = 8192, offset = 17609522944
gguf_ex_read_0: tensor[303]: name = blk.17.attn_qkv.weight, size = 11534336, offset = 17609531136
gguf_ex_read_0: tensor[304]: name = blk.17.ffn_down_exps.weight, size = 440401920, offset = 17621065472
gguf_ex_read_0: tensor[305]: name = blk.17.ffn_down_shexp.weight, size = 1114112, offset = 18061467392
gguf_ex_read_0: tensor[306]: name = blk.17.ffn_gate_exps.weight, size = 301989888, offset = 18062581504
gguf_ex_read_0: tensor[307]: name = blk.17.ffn_gate_inp.weight, size = 4194304, offset = 18364571392
gguf_ex_read_0: tensor[308]: name = blk.17.ffn_gate_inp_shexp.weight, size = 8192, offset = 18368765696
gguf_ex_read_0: tensor[309]: name = blk.17.ffn_gate_shexp.weight, size = 1114112, offset = 18368773888
gguf_ex_read_0: tensor[310]: name = blk.17.ffn_up_exps.weight, size = 301989888, offset = 18369888000
gguf_ex_read_0: tensor[311]: name = blk.17.ffn_up_shexp.weight, size = 1114112, offset = 18671877888
gguf_ex_read_0: tensor[312]: name = blk.17.post_attention_norm.weight, size = 8192, offset = 18672992000
gguf_ex_read_0: tensor[313]: name = blk.17.ssm_a, size = 128, offset = 18673000192
gguf_ex_read_0: tensor[314]: name = blk.17.ssm_ba.weight, size = 139264, offset = 18673000320
gguf_ex_read_0: tensor[315]: name = blk.17.ssm_conv1d.weight, size = 131072, offset = 18673139584
gguf_ex_read_0: tensor[316]: name = blk.17.ssm_dt.bias, size = 128, offset = 18673270656
gguf_ex_read_0: tensor[317]: name = blk.17.ssm_norm.weight, size = 512, offset = 18673270784
gguf_ex_read_0: tensor[318]: name = blk.17.ssm_out.weight, size = 8912896, offset = 18673271296
gguf_ex_read_0: tensor[319]: name = blk.18.attn_gate.weight, size = 4718592, offset = 18682184192
gguf_ex_read_0: tensor[320]: name = blk.18.attn_norm.weight, size = 8192, offset = 18686902784
gguf_ex_read_0: tensor[321]: name = blk.18.attn_qkv.weight, size = 11534336, offset = 18686910976
gguf_ex_read_0: tensor[322]: name = blk.18.ffn_down_exps.weight, size = 301989888, offset = 18698445312
gguf_ex_read_0: tensor[323]: name = blk.18.ffn_down_shexp.weight, size = 860160, offset = 19000435200
gguf_ex_read_0: tensor[324]: name = blk.18.ffn_gate_exps.weight, size = 301989888, offset = 19001295360
gguf_ex_read_0: tensor[325]: name = blk.18.ffn_gate_inp.weight, size = 4194304, offset = 19303285248
gguf_ex_read_0: tensor[326]: name = blk.18.ffn_gate_inp_shexp.weight, size = 8192, offset = 19307479552
gguf_ex_read_0: tensor[327]: name = blk.18.ffn_gate_shexp.weight, size = 860160, offset = 19307487744
gguf_ex_read_0: tensor[328]: name = blk.18.ffn_up_exps.weight, size = 301989888, offset = 19308347904
gguf_ex_read_0: tensor[329]: name = blk.18.ffn_up_shexp.weight, size = 860160, offset = 19610337792
gguf_ex_read_0: tensor[330]: name = blk.18.post_attention_norm.weight, size = 8192, offset = 19611197952
gguf_ex_read_0: tensor[331]: name = blk.18.ssm_a, size = 128, offset = 19611206144
gguf_ex_read_0: tensor[332]: name = blk.18.ssm_ba.weight, size = 139264, offset = 19611206272
gguf_ex_read_0: tensor[333]: name = blk.18.ssm_conv1d.weight, size = 131072, offset = 19611345536
gguf_ex_read_0: tensor[334]: name = blk.18.ssm_dt.bias, size = 128, offset = 19611476608
gguf_ex_read_0: tensor[335]: name = blk.18.ssm_norm.weight, size = 512, offset = 19611476736
gguf_ex_read_0: tensor[336]: name = blk.18.ssm_out.weight, size = 8912896, offset = 19611477248
gguf_ex_read_0: tensor[337]: name = blk.19.attn_k.weight, size = 1114112, offset = 19620390144
gguf_ex_read_0: tensor[338]: name = blk.19.attn_k_norm.weight, size = 1024, offset = 19621504256
gguf_ex_read_0: tensor[339]: name = blk.19.attn_norm.weight, size = 8192, offset = 19621505280
gguf_ex_read_0: tensor[340]: name = blk.19.attn_output.weight, size = 6881280, offset = 19621513472
gguf_ex_read_0: tensor[341]: name = blk.19.attn_q.weight, size = 9437184, offset = 19628394752
gguf_ex_read_0: tensor[342]: name = blk.19.attn_q_norm.weight, size = 1024, offset = 19637831936
gguf_ex_read_0: tensor[343]: name = blk.19.attn_v.weight, size = 1114112, offset = 19637832960
gguf_ex_read_0: tensor[344]: name = blk.19.ffn_down_exps.weight, size = 301989888, offset = 19638947072
gguf_ex_read_0: tensor[345]: name = blk.19.ffn_down_shexp.weight, size = 860160, offset = 19940936960
gguf_ex_read_0: tensor[346]: name = blk.19.ffn_gate_exps.weight, size = 301989888, offset = 19941797120
gguf_ex_read_0: tensor[347]: name = blk.19.ffn_gate_inp.weight, size = 4194304, offset = 20243787008
gguf_ex_read_0: tensor[348]: name = blk.19.ffn_gate_inp_shexp.weight, size = 8192, offset = 20247981312
gguf_ex_read_0: tensor[349]: name = blk.19.ffn_gate_shexp.weight, size = 860160, offset = 20247989504
gguf_ex_read_0: tensor[350]: name = blk.19.ffn_up_exps.weight, size = 301989888, offset = 20248849664
gguf_ex_read_0: tensor[351]: name = blk.19.ffn_up_shexp.weight, size = 860160, offset = 20550839552
gguf_ex_read_0: tensor[352]: name = blk.19.post_attention_norm.weight, size = 8192, offset = 20551699712
gguf_ex_read_0: tensor[353]: name = blk.20.attn_gate.weight, size = 4718592, offset = 20551707904
gguf_ex_read_0: tensor[354]: name = blk.20.attn_norm.weight, size = 8192, offset = 20556426496
gguf_ex_read_0: tensor[355]: name = blk.20.attn_qkv.weight, size = 11534336, offset = 20556434688
gguf_ex_read_0: tensor[356]: name = blk.20.ffn_down_exps.weight, size = 440401920, offset = 20567969024
gguf_ex_read_0: tensor[357]: name = blk.20.ffn_down_shexp.weight, size = 1114112, offset = 21008370944
gguf_ex_read_0: tensor[358]: name = blk.20.ffn_gate_exps.weight, size = 301989888, offset = 21009485056
gguf_ex_read_0: tensor[359]: name = blk.20.ffn_gate_inp.weight, size = 4194304, offset = 21311474944
gguf_ex_read_0: tensor[360]: name = blk.20.ffn_gate_inp_shexp.weight, size = 8192, offset = 21315669248
gguf_ex_read_0: tensor[361]: name = blk.20.ffn_gate_shexp.weight, size = 1114112, offset = 21315677440
gguf_ex_read_0: tensor[362]: name = blk.20.ffn_up_exps.weight, size = 301989888, offset = 21316791552
gguf_ex_read_0: tensor[363]: name = blk.20.ffn_up_shexp.weight, size = 1114112, offset = 21618781440
gguf_ex_read_0: tensor[364]: name = blk.20.post_attention_norm.weight, size = 8192, offset = 21619895552
gguf_ex_read_0: tensor[365]: name = blk.20.ssm_a, size = 128, offset = 21619903744
gguf_ex_read_0: tensor[366]: name = blk.20.ssm_ba.weight, size = 139264, offset = 21619903872
gguf_ex_read_0: tensor[367]: name = blk.20.ssm_conv1d.weight, size = 131072, offset = 21620043136
gguf_ex_read_0: tensor[368]: name = blk.20.ssm_dt.bias, size = 128, offset = 21620174208
gguf_ex_read_0: tensor[369]: name = blk.20.ssm_norm.weight, size = 512, offset = 21620174336
gguf_ex_read_0: tensor[370]: name = blk.20.ssm_out.weight, size = 8912896, offset = 21620174848
gguf_ex_read_0: tensor[371]: name = blk.21.attn_gate.weight, size = 4718592, offset = 21629087744
gguf_ex_read_0: tensor[372]: name = blk.21.attn_norm.weight, size = 8192, offset = 21633806336
gguf_ex_read_0: tensor[373]: name = blk.21.attn_qkv.weight, size = 11534336, offset = 21633814528
gguf_ex_read_0: tensor[374]: name = blk.21.ffn_down_exps.weight, size = 301989888, offset = 21645348864
gguf_ex_read_0: tensor[375]: name = blk.21.ffn_down_shexp.weight, size = 860160, offset = 21947338752
gguf_ex_read_0: tensor[376]: name = blk.21.ffn_gate_exps.weight, size = 301989888, offset = 21948198912
gguf_ex_read_0: tensor[377]: name = blk.21.ffn_gate_inp.weight, size = 4194304, offset = 22250188800
gguf_ex_read_0: tensor[378]: name = blk.21.ffn_gate_inp_shexp.weight, size = 8192, offset = 22254383104
gguf_ex_read_0: tensor[379]: name = blk.21.ffn_gate_shexp.weight, size = 860160, offset = 22254391296
gguf_ex_read_0: tensor[380]: name = blk.21.ffn_up_exps.weight, size = 301989888, offset = 22255251456
gguf_ex_read_0: tensor[381]: name = blk.21.ffn_up_shexp.weight, size = 860160, offset = 22557241344
gguf_ex_read_0: tensor[382]: name = blk.21.post_attention_norm.weight, size = 8192, offset = 22558101504
gguf_ex_read_0: tensor[383]: name = blk.21.ssm_a, size = 128, offset = 22558109696
gguf_ex_read_0: tensor[384]: name = blk.21.ssm_ba.weight, size = 139264, offset = 22558109824
gguf_ex_read_0: tensor[385]: name = blk.21.ssm_conv1d.weight, size = 131072, offset = 22558249088
gguf_ex_read_0: tensor[386]: name = blk.21.ssm_dt.bias, size = 128, offset = 22558380160
gguf_ex_read_0: tensor[387]: name = blk.21.ssm_norm.weight, size = 512, offset = 22558380288
gguf_ex_read_0: tensor[388]: name = blk.21.ssm_out.weight, size = 8912896, offset = 22558380800
gguf_ex_read_0: tensor[389]: name = blk.22.attn_gate.weight, size = 4718592, offset = 22567293696
gguf_ex_read_0: tensor[390]: name = blk.22.attn_norm.weight, size = 8192, offset = 22572012288
gguf_ex_read_0: tensor[391]: name = blk.22.attn_qkv.weight, size = 11534336, offset = 22572020480
gguf_ex_read_0: tensor[392]: name = blk.22.ffn_down_exps.weight, size = 301989888, offset = 22583554816
gguf_ex_read_0: tensor[393]: name = blk.22.ffn_down_shexp.weight, size = 860160, offset = 22885544704
gguf_ex_read_0: tensor[394]: name = blk.22.ffn_gate_exps.weight, size = 301989888, offset = 22886404864
gguf_ex_read_0: tensor[395]: name = blk.22.ffn_gate_inp.weight, size = 4194304, offset = 23188394752
gguf_ex_read_0: tensor[396]: name = blk.22.ffn_gate_inp_shexp.weight, size = 8192, offset = 23192589056
gguf_ex_read_0: tensor[397]: name = blk.22.ffn_gate_shexp.weight, size = 860160, offset = 23192597248
gguf_ex_read_0: tensor[398]: name = blk.22.ffn_up_exps.weight, size = 301989888, offset = 23193457408
gguf_ex_read_0: tensor[399]: name = blk.22.ffn_up_shexp.weight, size = 860160, offset = 23495447296
gguf_ex_read_0: tensor[400]: name = blk.22.post_attention_norm.weight, size = 8192, offset = 23496307456
gguf_ex_read_0: tensor[401]: name = blk.22.ssm_a, size = 128, offset = 23496315648
gguf_ex_read_0: tensor[402]: name = blk.22.ssm_ba.weight, size = 139264, offset = 23496315776
gguf_ex_read_0: tensor[403]: name = blk.22.ssm_conv1d.weight, size = 131072, offset = 23496455040
gguf_ex_read_0: tensor[404]: name = blk.22.ssm_dt.bias, size = 128, offset = 23496586112
gguf_ex_read_0: tensor[405]: name = blk.22.ssm_norm.weight, size = 512, offset = 23496586240
gguf_ex_read_0: tensor[406]: name = blk.22.ssm_out.weight, size = 8912896, offset = 23496586752
gguf_ex_read_0: tensor[407]: name = blk.23.attn_k.weight, size = 1114112, offset = 23505499648
gguf_ex_read_0: tensor[408]: name = blk.23.attn_k_norm.weight, size = 1024, offset = 23506613760
gguf_ex_read_0: tensor[409]: name = blk.23.attn_norm.weight, size = 8192, offset = 23506614784
gguf_ex_read_0: tensor[410]: name = blk.23.attn_output.weight, size = 6881280, offset = 23506622976
gguf_ex_read_0: tensor[411]: name = blk.23.attn_q.weight, size = 9437184, offset = 23513504256
gguf_ex_read_0: tensor[412]: name = blk.23.attn_q_norm.weight, size = 1024, offset = 23522941440
gguf_ex_read_0: tensor[413]: name = blk.23.attn_v.weight, size = 1114112, offset = 23522942464
gguf_ex_read_0: tensor[414]: name = blk.23.ffn_down_exps.weight, size = 440401920, offset = 23524056576
gguf_ex_read_0: tensor[415]: name = blk.23.ffn_down_shexp.weight, size = 1114112, offset = 23964458496
gguf_ex_read_0: tensor[416]: name = blk.23.ffn_gate_exps.weight, size = 301989888, offset = 23965572608
gguf_ex_read_0: tensor[417]: name = blk.23.ffn_gate_inp.weight, size = 4194304, offset = 24267562496
gguf_ex_read_0: tensor[418]: name = blk.23.ffn_gate_inp_shexp.weight, size = 8192, offset = 24271756800
gguf_ex_read_0: tensor[419]: name = blk.23.ffn_gate_shexp.weight, size = 1114112, offset = 24271764992
gguf_ex_read_0: tensor[420]: name = blk.23.ffn_up_exps.weight, size = 301989888, offset = 24272879104
gguf_ex_read_0: tensor[421]: name = blk.23.ffn_up_shexp.weight, size = 1114112, offset = 24574868992
gguf_ex_read_0: tensor[422]: name = blk.23.post_attention_norm.weight, size = 8192, offset = 24575983104
gguf_ex_read_0: tensor[423]: name = blk.24.attn_gate.weight, size = 4718592, offset = 24575991296
gguf_ex_read_0: tensor[424]: name = blk.24.attn_norm.weight, size = 8192, offset = 24580709888
gguf_ex_read_0: tensor[425]: name = blk.24.attn_qkv.weight, size = 11534336, offset = 24580718080
gguf_ex_read_0: tensor[426]: name = blk.24.ffn_down_exps.weight, size = 301989888, offset = 24592252416
gguf_ex_read_0: tensor[427]: name = blk.24.ffn_down_shexp.weight, size = 860160, offset = 24894242304
gguf_ex_read_0: tensor[428]: name = blk.24.ffn_gate_exps.weight, size = 301989888, offset = 24895102464
gguf_ex_read_0: tensor[429]: name = blk.24.ffn_gate_inp.weight, size = 4194304, offset = 25197092352
gguf_ex_read_0: tensor[430]: name = blk.24.ffn_gate_inp_shexp.weight, size = 8192, offset = 25201286656
gguf_ex_read_0: tensor[431]: name = blk.24.ffn_gate_shexp.weight, size = 860160, offset = 25201294848
gguf_ex_read_0: tensor[432]: name = blk.24.ffn_up_exps.weight, size = 301989888, offset = 25202155008
gguf_ex_read_0: tensor[433]: name = blk.24.ffn_up_shexp.weight, size = 860160, offset = 25504144896
gguf_ex_read_0: tensor[434]: name = blk.24.post_attention_norm.weight, size = 8192, offset = 25505005056
gguf_ex_read_0: tensor[435]: name = blk.24.ssm_a, size = 128, offset = 25505013248
gguf_ex_read_0: tensor[436]: name = blk.24.ssm_ba.weight, size = 139264, offset = 25505013376
gguf_ex_read_0: tensor[437]: name = blk.24.ssm_conv1d.weight, size = 131072, offset = 25505152640
gguf_ex_read_0: tensor[438]: name = blk.24.ssm_dt.bias, size = 128, offset = 25505283712
gguf_ex_read_0: tensor[439]: name = blk.24.ssm_norm.weight, size = 512, offset = 25505283840
gguf_ex_read_0: tensor[440]: name = blk.24.ssm_out.weight, size = 8912896, offset = 25505284352
gguf_ex_read_0: tensor[441]: name = blk.25.attn_gate.weight, size = 4718592, offset = 25514197248
gguf_ex_read_0: tensor[442]: name = blk.25.attn_norm.weight, size = 8192, offset = 25518915840
gguf_ex_read_0: tensor[443]: name = blk.25.attn_qkv.weight, size = 11534336, offset = 25518924032
gguf_ex_read_0: tensor[444]: name = blk.25.ffn_down_exps.weight, size = 301989888, offset = 25530458368
gguf_ex_read_0: tensor[445]: name = blk.25.ffn_down_shexp.weight, size = 860160, offset = 25832448256
gguf_ex_read_0: tensor[446]: name = blk.25.ffn_gate_exps.weight, size = 301989888, offset = 25833308416
gguf_ex_read_0: tensor[447]: name = blk.25.ffn_gate_inp.weight, size = 4194304, offset = 26135298304
gguf_ex_read_0: tensor[448]: name = blk.25.ffn_gate_inp_shexp.weight, size = 8192, offset = 26139492608
gguf_ex_read_0: tensor[449]: name = blk.25.ffn_gate_shexp.weight, size = 860160, offset = 26139500800
gguf_ex_read_0: tensor[450]: name = blk.25.ffn_up_exps.weight, size = 301989888, offset = 26140360960
gguf_ex_read_0: tensor[451]: name = blk.25.ffn_up_shexp.weight, size = 860160, offset = 26442350848
gguf_ex_read_0: tensor[452]: name = blk.25.post_attention_norm.weight, size = 8192, offset = 26443211008
gguf_ex_read_0: tensor[453]: name = blk.25.ssm_a, size = 128, offset = 26443219200
gguf_ex_read_0: tensor[454]: name = blk.25.ssm_ba.weight, size = 139264, offset = 26443219328
gguf_ex_read_0: tensor[455]: name = blk.25.ssm_conv1d.weight, size = 131072, offset = 26443358592
gguf_ex_read_0: tensor[456]: name = blk.25.ssm_dt.bias, size = 128, offset = 26443489664
gguf_ex_read_0: tensor[457]: name = blk.25.ssm_norm.weight, size = 512, offset = 26443489792
gguf_ex_read_0: tensor[458]: name = blk.25.ssm_out.weight, size = 8912896, offset = 26443490304
gguf_ex_read_0: tensor[459]: name = blk.26.attn_gate.weight, size = 4718592, offset = 26452403200
gguf_ex_read_0: tensor[460]: name = blk.26.attn_norm.weight, size = 8192, offset = 26457121792
gguf_ex_read_0: tensor[461]: name = blk.26.attn_qkv.weight, size = 11534336, offset = 26457129984
gguf_ex_read_0: tensor[462]: name = blk.26.ffn_down_exps.weight, size = 440401920, offset = 26468664320
gguf_ex_read_0: tensor[463]: name = blk.26.ffn_down_shexp.weight, size = 1114112, offset = 26909066240
gguf_ex_read_0: tensor[464]: name = blk.26.ffn_gate_exps.weight, size = 301989888, offset = 26910180352
gguf_ex_read_0: tensor[465]: name = blk.26.ffn_gate_inp.weight, size = 4194304, offset = 27212170240
gguf_ex_read_0: tensor[466]: name = blk.26.ffn_gate_inp_shexp.weight, size = 8192, offset = 27216364544
gguf_ex_read_0: tensor[467]: name = blk.26.ffn_gate_shexp.weight, size = 1114112, offset = 27216372736
gguf_ex_read_0: tensor[468]: name = blk.26.ffn_up_exps.weight, size = 301989888, offset = 27217486848
gguf_ex_read_0: tensor[469]: name = blk.26.ffn_up_shexp.weight, size = 1114112, offset = 27519476736
gguf_ex_read_0: tensor[470]: name = blk.26.post_attention_norm.weight, size = 8192, offset = 27520590848
gguf_ex_read_0: tensor[471]: name = blk.26.ssm_a, size = 128, offset = 27520599040
gguf_ex_read_0: tensor[472]: name = blk.26.ssm_ba.weight, size = 139264, offset = 27520599168
gguf_ex_read_0: tensor[473]: name = blk.26.ssm_conv1d.weight, size = 131072, offset = 27520738432
gguf_ex_read_0: tensor[474]: name = blk.26.ssm_dt.bias, size = 128, offset = 27520869504
gguf_ex_read_0: tensor[475]: name = blk.26.ssm_norm.weight, size = 512, offset = 27520869632
gguf_ex_read_0: tensor[476]: name = blk.26.ssm_out.weight, size = 8912896, offset = 27520870144
gguf_ex_read_0: tensor[477]: name = blk.27.attn_k.weight, size = 1114112, offset = 27529783040
gguf_ex_read_0: tensor[478]: name = blk.27.attn_k_norm.weight, size = 1024, offset = 27530897152
gguf_ex_read_0: tensor[479]: name = blk.27.attn_norm.weight, size = 8192, offset = 27530898176
gguf_ex_read_0: tensor[480]: name = blk.27.attn_output.weight, size = 6881280, offset = 27530906368
gguf_ex_read_0: tensor[481]: name = blk.27.attn_q.weight, size = 9437184, offset = 27537787648
gguf_ex_read_0: tensor[482]: name = blk.27.attn_q_norm.weight, size = 1024, offset = 27547224832
gguf_ex_read_0: tensor[483]: name = blk.27.attn_v.weight, size = 1114112, offset = 27547225856
gguf_ex_read_0: tensor[484]: name = blk.27.ffn_down_exps.weight, size = 301989888, offset = 27548339968
gguf_ex_read_0: tensor[485]: name = blk.27.ffn_down_shexp.weight, size = 860160, offset = 27850329856
gguf_ex_read_0: tensor[486]: name = blk.27.ffn_gate_exps.weight, size = 301989888, offset = 27851190016
gguf_ex_read_0: tensor[487]: name = blk.27.ffn_gate_inp.weight, size = 4194304, offset = 28153179904
gguf_ex_read_0: tensor[488]: name = blk.27.ffn_gate_inp_shexp.weight, size = 8192, offset = 28157374208
gguf_ex_read_0: tensor[489]: name = blk.27.ffn_gate_shexp.weight, size = 860160, offset = 28157382400
gguf_ex_read_0: tensor[490]: name = blk.27.ffn_up_exps.weight, size = 301989888, offset = 28158242560
gguf_ex_read_0: tensor[491]: name = blk.27.ffn_up_shexp.weight, size = 860160, offset = 28460232448
gguf_ex_read_0: tensor[492]: name = blk.27.post_attention_norm.weight, size = 8192, offset = 28461092608
gguf_ex_read_0: tensor[493]: name = blk.28.attn_gate.weight, size = 4718592, offset = 28461100800
gguf_ex_read_0: tensor[494]: name = blk.28.attn_norm.weight, size = 8192, offset = 28465819392
gguf_ex_read_0: tensor[495]: name = blk.28.attn_qkv.weight, size = 11534336, offset = 28465827584
gguf_ex_read_0: tensor[496]: name = blk.28.ffn_down_exps.weight, size = 301989888, offset = 28477361920
gguf_ex_read_0: tensor[497]: name = blk.28.ffn_down_shexp.weight, size = 860160, offset = 28779351808
gguf_ex_read_0: tensor[498]: name = blk.28.ffn_gate_exps.weight, size = 301989888, offset = 28780211968
gguf_ex_read_0: tensor[499]: name = blk.28.ffn_gate_inp.weight, size = 4194304, offset = 29082201856
gguf_ex_read_0: tensor[500]: name = blk.28.ffn_gate_inp_shexp.weight, size = 8192, offset = 29086396160
gguf_ex_read_0: tensor[501]: name = blk.28.ffn_gate_shexp.weight, size = 860160, offset = 29086404352
gguf_ex_read_0: tensor[502]: name = blk.28.ffn_up_exps.weight, size = 301989888, offset = 29087264512
gguf_ex_read_0: tensor[503]: name = blk.28.ffn_up_shexp.weight, size = 860160, offset = 29389254400
gguf_ex_read_0: tensor[504]: name = blk.28.post_attention_norm.weight, size = 8192, offset = 29390114560
gguf_ex_read_0: tensor[505]: name = blk.28.ssm_a, size = 128, offset = 29390122752
gguf_ex_read_0: tensor[506]: name = blk.28.ssm_ba.weight, size = 139264, offset = 29390122880
gguf_ex_read_0: tensor[507]: name = blk.28.ssm_conv1d.weight, size = 131072, offset = 29390262144
gguf_ex_read_0: tensor[508]: name = blk.28.ssm_dt.bias, size = 128, offset = 29390393216
gguf_ex_read_0: tensor[509]: name = blk.28.ssm_norm.weight, size = 512, offset = 29390393344
gguf_ex_read_0: tensor[510]: name = blk.28.ssm_out.weight, size = 8912896, offset = 29390393856
gguf_ex_read_0: tensor[511]: name = blk.29.attn_gate.weight, size = 4718592, offset = 29399306752
gguf_ex_read_0: tensor[512]: name = blk.29.attn_norm.weight, size = 8192, offset = 29404025344
gguf_ex_read_0: tensor[513]: name = blk.29.attn_qkv.weight, size = 11534336, offset = 29404033536
gguf_ex_read_0: tensor[514]: name = blk.29.ffn_down_exps.weight, size = 440401920, offset = 29415567872
gguf_ex_read_0: tensor[515]: name = blk.29.ffn_down_shexp.weight, size = 1114112, offset = 29855969792
gguf_ex_read_0: tensor[516]: name = blk.29.ffn_gate_exps.weight, size = 301989888, offset = 29857083904
gguf_ex_read_0: tensor[517]: name = blk.29.ffn_gate_inp.weight, size = 4194304, offset = 30159073792
gguf_ex_read_0: tensor[518]: name = blk.29.ffn_gate_inp_shexp.weight, size = 8192, offset = 30163268096
gguf_ex_read_0: tensor[519]: name = blk.29.ffn_gate_shexp.weight, size = 1114112, offset = 30163276288
gguf_ex_read_0: tensor[520]: name = blk.29.ffn_up_exps.weight, size = 301989888, offset = 30164390400
gguf_ex_read_0: tensor[521]: name = blk.29.ffn_up_shexp.weight, size = 1114112, offset = 30466380288
gguf_ex_read_0: tensor[522]: name = blk.29.post_attention_norm.weight, size = 8192, offset = 30467494400
gguf_ex_read_0: tensor[523]: name = blk.29.ssm_a, size = 128, offset = 30467502592
gguf_ex_read_0: tensor[524]: name = blk.29.ssm_ba.weight, size = 139264, offset = 30467502720
gguf_ex_read_0: tensor[525]: name = blk.29.ssm_conv1d.weight, size = 131072, offset = 30467641984
gguf_ex_read_0: tensor[526]: name = blk.29.ssm_dt.bias, size = 128, offset = 30467773056
gguf_ex_read_0: tensor[527]: name = blk.29.ssm_norm.weight, size = 512, offset = 30467773184
gguf_ex_read_0: tensor[528]: name = blk.29.ssm_out.weight, size = 8912896, offset = 30467773696
gguf_ex_read_0: tensor[529]: name = blk.30.attn_gate.weight, size = 4718592, offset = 30476686592
gguf_ex_read_0: tensor[530]: name = blk.30.attn_norm.weight, size = 8192, offset = 30481405184
gguf_ex_read_0: tensor[531]: name = blk.30.attn_qkv.weight, size = 11534336, offset = 30481413376
gguf_ex_read_0: tensor[532]: name = blk.30.ffn_down_exps.weight, size = 301989888, offset = 30492947712
gguf_ex_read_0: tensor[533]: name = blk.30.ffn_down_shexp.weight, size = 860160, offset = 30794937600
gguf_ex_read_0: tensor[534]: name = blk.30.ffn_gate_exps.weight, size = 301989888, offset = 30795797760
gguf_ex_read_0: tensor[535]: name = blk.30.ffn_gate_inp.weight, size = 4194304, offset = 31097787648
gguf_ex_read_0: tensor[536]: name = blk.30.ffn_gate_inp_shexp.weight, size = 8192, offset = 31101981952
gguf_ex_read_0: tensor[537]: name = blk.30.ffn_gate_shexp.weight, size = 860160, offset = 31101990144
gguf_ex_read_0: tensor[538]: name = blk.30.ffn_up_exps.weight, size = 301989888, offset = 31102850304
gguf_ex_read_0: tensor[539]: name = blk.30.ffn_up_shexp.weight, size = 860160, offset = 31404840192
gguf_ex_read_0: tensor[540]: name = blk.30.post_attention_norm.weight, size = 8192, offset = 31405700352
gguf_ex_read_0: tensor[541]: name = blk.30.ssm_a, size = 128, offset = 31405708544
gguf_ex_read_0: tensor[542]: name = blk.30.ssm_ba.weight, size = 139264, offset = 31405708672
gguf_ex_read_0: tensor[543]: name = blk.30.ssm_conv1d.weight, size = 131072, offset = 31405847936
gguf_ex_read_0: tensor[544]: name = blk.30.ssm_dt.bias, size = 128, offset = 31405979008
gguf_ex_read_0: tensor[545]: name = blk.30.ssm_norm.weight, size = 512, offset = 31405979136
gguf_ex_read_0: tensor[546]: name = blk.30.ssm_out.weight, size = 8912896, offset = 31405979648
gguf_ex_read_0: tensor[547]: name = blk.31.attn_k.weight, size = 1114112, offset = 31414892544
gguf_ex_read_0: tensor[548]: name = blk.31.attn_k_norm.weight, size = 1024, offset = 31416006656
gguf_ex_read_0: tensor[549]: name = blk.31.attn_norm.weight, size = 8192, offset = 31416007680
gguf_ex_read_0: tensor[550]: name = blk.31.attn_output.weight, size = 6881280, offset = 31416015872
gguf_ex_read_0: tensor[551]: name = blk.31.attn_q.weight, size = 9437184, offset = 31422897152
gguf_ex_read_0: tensor[552]: name = blk.31.attn_q_norm.weight, size = 1024, offset = 31432334336
gguf_ex_read_0: tensor[553]: name = blk.31.attn_v.weight, size = 1114112, offset = 31432335360
gguf_ex_read_0: tensor[554]: name = blk.31.ffn_down_exps.weight, size = 301989888, offset = 31433449472
gguf_ex_read_0: tensor[555]: name = blk.31.ffn_down_shexp.weight, size = 860160, offset = 31735439360
gguf_ex_read_0: tensor[556]: name = blk.31.ffn_gate_exps.weight, size = 301989888, offset = 31736299520
gguf_ex_read_0: tensor[557]: name = blk.31.ffn_gate_inp.weight, size = 4194304, offset = 32038289408
gguf_ex_read_0: tensor[558]: name = blk.31.ffn_gate_inp_shexp.weight, size = 8192, offset = 32042483712
gguf_ex_read_0: tensor[559]: name = blk.31.ffn_gate_shexp.weight, size = 860160, offset = 32042491904
gguf_ex_read_0: tensor[560]: name = blk.31.ffn_up_exps.weight, size = 301989888, offset = 32043352064
gguf_ex_read_0: tensor[561]: name = blk.31.ffn_up_shexp.weight, size = 860160, offset = 32345341952
gguf_ex_read_0: tensor[562]: name = blk.31.post_attention_norm.weight, size = 8192, offset = 32346202112
gguf_ex_read_0: tensor[563]: name = blk.32.attn_gate.weight, size = 4718592, offset = 32346210304
gguf_ex_read_0: tensor[564]: name = blk.32.attn_norm.weight, size = 8192, offset = 32350928896
gguf_ex_read_0: tensor[565]: name = blk.32.attn_qkv.weight, size = 11534336, offset = 32350937088
gguf_ex_read_0: tensor[566]: name = blk.32.ffn_down_exps.weight, size = 440401920, offset = 32362471424
gguf_ex_read_0: tensor[567]: name = blk.32.ffn_down_shexp.weight, size = 1114112, offset = 32802873344
gguf_ex_read_0: tensor[568]: name = blk.32.ffn_gate_exps.weight, size = 301989888, offset = 32803987456
gguf_ex_read_0: tensor[569]: name = blk.32.ffn_gate_inp.weight, size = 4194304, offset = 33105977344
gguf_ex_read_0: tensor[570]: name = blk.32.ffn_gate_inp_shexp.weight, size = 8192, offset = 33110171648
gguf_ex_read_0: tensor[571]: name = blk.32.ffn_gate_shexp.weight, size = 1114112, offset = 33110179840
gguf_ex_read_0: tensor[572]: name = blk.32.ffn_up_exps.weight, size = 301989888, offset = 33111293952
gguf_ex_read_0: tensor[573]: name = blk.32.ffn_up_shexp.weight, size = 1114112, offset = 33413283840
gguf_ex_read_0: tensor[574]: name = blk.32.post_attention_norm.weight, size = 8192, offset = 33414397952
gguf_ex_read_0: tensor[575]: name = blk.32.ssm_a, size = 128, offset = 33414406144
gguf_ex_read_0: tensor[576]: name = blk.32.ssm_ba.weight, size = 139264, offset = 33414406272
gguf_ex_read_0: tensor[577]: name = blk.32.ssm_conv1d.weight, size = 131072, offset = 33414545536
gguf_ex_read_0: tensor[578]: name = blk.32.ssm_dt.bias, size = 128, offset = 33414676608
gguf_ex_read_0: tensor[579]: name = blk.32.ssm_norm.weight, size = 512, offset = 33414676736
gguf_ex_read_0: tensor[580]: name = blk.32.ssm_out.weight, size = 8912896, offset = 33414677248
gguf_ex_read_0: tensor[581]: name = blk.33.attn_gate.weight, size = 4718592, offset = 33423590144
gguf_ex_read_0: tensor[582]: name = blk.33.attn_norm.weight, size = 8192, offset = 33428308736
gguf_ex_read_0: tensor[583]: name = blk.33.attn_qkv.weight, size = 11534336, offset = 33428316928
gguf_ex_read_0: tensor[584]: name = blk.33.ffn_down_exps.weight, size = 301989888, offset = 33439851264
gguf_ex_read_0: tensor[585]: name = blk.33.ffn_down_shexp.weight, size = 860160, offset = 33741841152
gguf_ex_read_0: tensor[586]: name = blk.33.ffn_gate_exps.weight, size = 301989888, offset = 33742701312
gguf_ex_read_0: tensor[587]: name = blk.33.ffn_gate_inp.weight, size = 4194304, offset = 34044691200
gguf_ex_read_0: tensor[588]: name = blk.33.ffn_gate_inp_shexp.weight, size = 8192, offset = 34048885504
gguf_ex_read_0: tensor[589]: name = blk.33.ffn_gate_shexp.weight, size = 860160, offset = 34048893696
gguf_ex_read_0: tensor[590]: name = blk.33.ffn_up_exps.weight, size = 301989888, offset = 34049753856
gguf_ex_read_0: tensor[591]: name = blk.33.ffn_up_shexp.weight, size = 860160, offset = 34351743744
gguf_ex_read_0: tensor[592]: name = blk.33.post_attention_norm.weight, size = 8192, offset = 34352603904
gguf_ex_read_0: tensor[593]: name = blk.33.ssm_a, size = 128, offset = 34352612096
gguf_ex_read_0: tensor[594]: name = blk.33.ssm_ba.weight, size = 139264, offset = 34352612224
gguf_ex_read_0: tensor[595]: name = blk.33.ssm_conv1d.weight, size = 131072, offset = 34352751488
gguf_ex_read_0: tensor[596]: name = blk.33.ssm_dt.bias, size = 128, offset = 34352882560
gguf_ex_read_0: tensor[597]: name = blk.33.ssm_norm.weight, size = 512, offset = 34352882688
gguf_ex_read_0: tensor[598]: name = blk.33.ssm_out.weight, size = 8912896, offset = 34352883200
gguf_ex_read_0: tensor[599]: name = blk.34.attn_gate.weight, size = 4718592, offset = 34361796096
gguf_ex_read_0: tensor[600]: name = blk.34.attn_norm.weight, size = 8192, offset = 34366514688
gguf_ex_read_0: tensor[601]: name = blk.34.attn_qkv.weight, size = 11534336, offset = 34366522880
gguf_ex_read_0: tensor[602]: name = blk.34.ffn_down_exps.weight, size = 301989888, offset = 34378057216
gguf_ex_read_0: tensor[603]: name = blk.34.ffn_down_shexp.weight, size = 860160, offset = 34680047104
gguf_ex_read_0: tensor[604]: name = blk.34.ffn_gate_exps.weight, size = 301989888, offset = 34680907264
gguf_ex_read_0: tensor[605]: name = blk.34.ffn_gate_inp.weight, size = 4194304, offset = 34982897152
gguf_ex_read_0: tensor[606]: name = blk.34.ffn_gate_inp_shexp.weight, size = 8192, offset = 34987091456
gguf_ex_read_0: tensor[607]: name = blk.34.ffn_gate_shexp.weight, size = 860160, offset = 34987099648
gguf_ex_read_0: tensor[608]: name = blk.34.ffn_up_exps.weight, size = 301989888, offset = 34987959808
gguf_ex_read_0: tensor[609]: name = blk.34.ffn_up_shexp.weight, size = 860160, offset = 35289949696
gguf_ex_read_0: tensor[610]: name = blk.34.post_attention_norm.weight, size = 8192, offset = 35290809856
gguf_ex_read_0: tensor[611]: name = blk.34.ssm_a, size = 128, offset = 35290818048
gguf_ex_read_0: tensor[612]: name = blk.34.ssm_ba.weight, size = 139264, offset = 35290818176
gguf_ex_read_0: tensor[613]: name = blk.34.ssm_conv1d.weight, size = 131072, offset = 35290957440
gguf_ex_read_0: tensor[614]: name = blk.34.ssm_dt.bias, size = 128, offset = 35291088512
gguf_ex_read_0: tensor[615]: name = blk.34.ssm_norm.weight, size = 512, offset = 35291088640
gguf_ex_read_0: tensor[616]: name = blk.34.ssm_out.weight, size = 8912896, offset = 35291089152
gguf_ex_read_0: tensor[617]: name = blk.35.attn_k.weight, size = 1114112, offset = 35300002048
gguf_ex_read_0: tensor[618]: name = blk.35.attn_k_norm.weight, size = 1024, offset = 35301116160
gguf_ex_read_0: tensor[619]: name = blk.35.attn_norm.weight, size = 8192, offset = 35301117184
gguf_ex_read_0: tensor[620]: name = blk.35.attn_output.weight, size = 6881280, offset = 35301125376
gguf_ex_read_0: tensor[621]: name = blk.35.attn_q.weight, size = 9437184, offset = 35308006656
gguf_ex_read_0: tensor[622]: name = blk.35.attn_q_norm.weight, size = 1024, offset = 35317443840
gguf_ex_read_0: tensor[623]: name = blk.35.attn_v.weight, size = 1114112, offset = 35317444864
gguf_ex_read_0: tensor[624]: name = blk.35.ffn_down_exps.weight, size = 440401920, offset = 35318558976
gguf_ex_read_0: tensor[625]: name = blk.35.ffn_down_shexp.weight, size = 1114112, offset = 35758960896
gguf_ex_read_0: tensor[626]: name = blk.35.ffn_gate_exps.weight, size = 301989888, offset = 35760075008
gguf_ex_read_0: tensor[627]: name = blk.35.ffn_gate_inp.weight, size = 4194304, offset = 36062064896
gguf_ex_read_0: tensor[628]: name = blk.35.ffn_gate_inp_shexp.weight, size = 8192, offset = 36066259200
gguf_ex_read_0: tensor[629]: name = blk.35.ffn_gate_shexp.weight, size = 1114112, offset = 36066267392
gguf_ex_read_0: tensor[630]: name = blk.35.ffn_up_exps.weight, size = 301989888, offset = 36067381504
gguf_ex_read_0: tensor[631]: name = blk.35.ffn_up_shexp.weight, size = 1114112, offset = 36369371392
gguf_ex_read_0: tensor[632]: name = blk.35.post_attention_norm.weight, size = 8192, offset = 36370485504
gguf_ex_read_0: tensor[633]: name = blk.36.attn_gate.weight, size = 4718592, offset = 36370493696
gguf_ex_read_0: tensor[634]: name = blk.36.attn_norm.weight, size = 8192, offset = 36375212288
gguf_ex_read_0: tensor[635]: name = blk.36.attn_qkv.weight, size = 11534336, offset = 36375220480
gguf_ex_read_0: tensor[636]: name = blk.36.ffn_down_exps.weight, size = 301989888, offset = 36386754816
gguf_ex_read_0: tensor[637]: name = blk.36.ffn_down_shexp.weight, size = 860160, offset = 36688744704
gguf_ex_read_0: tensor[638]: name = blk.36.ffn_gate_exps.weight, size = 301989888, offset = 36689604864
gguf_ex_read_0: tensor[639]: name = blk.36.ffn_gate_inp.weight, size = 4194304, offset = 36991594752
gguf_ex_read_0: tensor[640]: name = blk.36.ffn_gate_inp_shexp.weight, size = 8192, offset = 36995789056
gguf_ex_read_0: tensor[641]: name = blk.36.ffn_gate_shexp.weight, size = 860160, offset = 36995797248
gguf_ex_read_0: tensor[642]: name = blk.36.ffn_up_exps.weight, size = 301989888, offset = 36996657408
gguf_ex_read_0: tensor[643]: name = blk.36.ffn_up_shexp.weight, size = 860160, offset = 37298647296
gguf_ex_read_0: tensor[644]: name = blk.36.post_attention_norm.weight, size = 8192, offset = 37299507456
gguf_ex_read_0: tensor[645]: name = blk.36.ssm_a, size = 128, offset = 37299515648
gguf_ex_read_0: tensor[646]: name = blk.36.ssm_ba.weight, size = 139264, offset = 37299515776
gguf_ex_read_0: tensor[647]: name = blk.36.ssm_conv1d.weight, size = 131072, offset = 37299655040
gguf_ex_read_0: tensor[648]: name = blk.36.ssm_dt.bias, size = 128, offset = 37299786112
gguf_ex_read_0: tensor[649]: name = blk.36.ssm_norm.weight, size = 512, offset = 37299786240
gguf_ex_read_0: tensor[650]: name = blk.36.ssm_out.weight, size = 8912896, offset = 37299786752
gguf_ex_read_0: tensor[651]: name = blk.37.attn_gate.weight, size = 4718592, offset = 37308699648
gguf_ex_read_0: tensor[652]: name = blk.37.attn_norm.weight, size = 8192, offset = 37313418240
gguf_ex_read_0: tensor[653]: name = blk.37.attn_qkv.weight, size = 11534336, offset = 37313426432
gguf_ex_read_0: tensor[654]: name = blk.37.ffn_down_exps.weight, size = 301989888, offset = 37324960768
gguf_ex_read_0: tensor[655]: name = blk.37.ffn_down_shexp.weight, size = 860160, offset = 37626950656
gguf_ex_read_0: tensor[656]: name = blk.37.ffn_gate_exps.weight, size = 301989888, offset = 37627810816
gguf_ex_read_0: tensor[657]: name = blk.37.ffn_gate_inp.weight, size = 4194304, offset = 37929800704
gguf_ex_read_0: tensor[658]: name = blk.37.ffn_gate_inp_shexp.weight, size = 8192, offset = 37933995008
gguf_ex_read_0: tensor[659]: name = blk.37.ffn_gate_shexp.weight, size = 860160, offset = 37934003200
gguf_ex_read_0: tensor[660]: name = blk.37.ffn_up_exps.weight, size = 301989888, offset = 37934863360
gguf_ex_read_0: tensor[661]: name = blk.37.ffn_up_shexp.weight, size = 860160, offset = 38236853248
gguf_ex_read_0: tensor[662]: name = blk.37.post_attention_norm.weight, size = 8192, offset = 38237713408
gguf_ex_read_0: tensor[663]: name = blk.37.ssm_a, size = 128, offset = 38237721600
gguf_ex_read_0: tensor[664]: name = blk.37.ssm_ba.weight, size = 139264, offset = 38237721728
gguf_ex_read_0: tensor[665]: name = blk.37.ssm_conv1d.weight, size = 131072, offset = 38237860992
gguf_ex_read_0: tensor[666]: name = blk.37.ssm_dt.bias, size = 128, offset = 38237992064
gguf_ex_read_0: tensor[667]: name = blk.37.ssm_norm.weight, size = 512, offset = 38237992192
gguf_ex_read_0: tensor[668]: name = blk.37.ssm_out.weight, size = 8912896, offset = 38237992704
gguf_ex_read_0: tensor[669]: name = blk.38.attn_gate.weight, size = 4718592, offset = 38246905600
gguf_ex_read_0: tensor[670]: name = blk.38.attn_norm.weight, size = 8192, offset = 38251624192
gguf_ex_read_0: tensor[671]: name = blk.38.attn_qkv.weight, size = 11534336, offset = 38251632384
gguf_ex_read_0: tensor[672]: name = blk.38.ffn_down_exps.weight, size = 440401920, offset = 38263166720
gguf_ex_read_0: tensor[673]: name = blk.38.ffn_down_shexp.weight, size = 1114112, offset = 38703568640
gguf_ex_read_0: tensor[674]: name = blk.38.ffn_gate_exps.weight, size = 301989888, offset = 38704682752
gguf_ex_read_0: tensor[675]: name = blk.38.ffn_gate_inp.weight, size = 4194304, offset = 39006672640
gguf_ex_read_0: tensor[676]: name = blk.38.ffn_gate_inp_shexp.weight, size = 8192, offset = 39010866944
gguf_ex_read_0: tensor[677]: name = blk.38.ffn_gate_shexp.weight, size = 1114112, offset = 39010875136
gguf_ex_read_0: tensor[678]: name = blk.38.ffn_up_exps.weight, size = 301989888, offset = 39011989248
gguf_ex_read_0: tensor[679]: name = blk.38.ffn_up_shexp.weight, size = 1114112, offset = 39313979136
gguf_ex_read_0: tensor[680]: name = blk.38.post_attention_norm.weight, size = 8192, offset = 39315093248
gguf_ex_read_0: tensor[681]: name = blk.38.ssm_a, size = 128, offset = 39315101440
gguf_ex_read_0: tensor[682]: name = blk.38.ssm_ba.weight, size = 139264, offset = 39315101568
gguf_ex_read_0: tensor[683]: name = blk.38.ssm_conv1d.weight, size = 131072, offset = 39315240832
gguf_ex_read_0: tensor[684]: name = blk.38.ssm_dt.bias, size = 128, offset = 39315371904
gguf_ex_read_0: tensor[685]: name = blk.38.ssm_norm.weight, size = 512, offset = 39315372032
gguf_ex_read_0: tensor[686]: name = blk.38.ssm_out.weight, size = 8912896, offset = 39315372544
gguf_ex_read_0: tensor[687]: name = blk.39.attn_k.weight, size = 1114112, offset = 39324285440
gguf_ex_read_0: tensor[688]: name = blk.39.attn_k_norm.weight, size = 1024, offset = 39325399552
gguf_ex_read_0: tensor[689]: name = blk.39.attn_norm.weight, size = 8192, offset = 39325400576
gguf_ex_read_0: tensor[690]: name = blk.39.attn_output.weight, size = 6881280, offset = 39325408768
gguf_ex_read_0: tensor[691]: name = blk.39.attn_q.weight, size = 9437184, offset = 39332290048
gguf_ex_read_0: tensor[692]: name = blk.39.attn_q_norm.weight, size = 1024, offset = 39341727232
gguf_ex_read_0: tensor[693]: name = blk.39.attn_v.weight, size = 1114112, offset = 39341728256
gguf_ex_read_0: tensor[694]: name = blk.39.ffn_down_exps.weight, size = 301989888, offset = 39342842368
gguf_ex_read_0: tensor[695]: name = blk.39.ffn_down_shexp.weight, size = 860160, offset = 39644832256
gguf_ex_read_0: tensor[696]: name = blk.39.ffn_gate_exps.weight, size = 301989888, offset = 39645692416
gguf_ex_read_0: tensor[697]: name = blk.39.ffn_gate_inp.weight, size = 4194304, offset = 39947682304
gguf_ex_read_0: tensor[698]: name = blk.39.ffn_gate_inp_shexp.weight, size = 8192, offset = 39951876608
gguf_ex_read_0: tensor[699]: name = blk.39.ffn_gate_shexp.weight, size = 860160, offset = 39951884800
gguf_ex_read_0: tensor[700]: name = blk.39.ffn_up_exps.weight, size = 301989888, offset = 39952744960
gguf_ex_read_0: tensor[701]: name = blk.39.ffn_up_shexp.weight, size = 860160, offset = 40254734848
gguf_ex_read_0: tensor[702]: name = blk.39.post_attention_norm.weight, size = 8192, offset = 40255595008
gguf_ex_read_0: tensor[703]: name = blk.40.attn_gate.weight, size = 4718592, offset = 40255603200
gguf_ex_read_0: tensor[704]: name = blk.40.attn_norm.weight, size = 8192, offset = 40260321792
gguf_ex_read_0: tensor[705]: name = blk.40.attn_qkv.weight, size = 11534336, offset = 40260329984
gguf_ex_read_0: tensor[706]: name = blk.40.ffn_down_exps.weight, size = 301989888, offset = 40271864320
gguf_ex_read_0: tensor[707]: name = blk.40.ffn_down_shexp.weight, size = 860160, offset = 40573854208
gguf_ex_read_0: tensor[708]: name = blk.40.ffn_gate_exps.weight, size = 301989888, offset = 40574714368
gguf_ex_read_0: tensor[709]: name = blk.40.ffn_gate_inp.weight, size = 4194304, offset = 40876704256
gguf_ex_read_0: tensor[710]: name = blk.40.ffn_gate_inp_shexp.weight, size = 8192, offset = 40880898560
gguf_ex_read_0: tensor[711]: name = blk.40.ffn_gate_shexp.weight, size = 860160, offset = 40880906752
gguf_ex_read_0: tensor[712]: name = blk.40.ffn_up_exps.weight, size = 301989888, offset = 40881766912
gguf_ex_read_0: tensor[713]: name = blk.40.ffn_up_shexp.weight, size = 860160, offset = 41183756800
gguf_ex_read_0: tensor[714]: name = blk.40.post_attention_norm.weight, size = 8192, offset = 41184616960
gguf_ex_read_0: tensor[715]: name = blk.40.ssm_a, size = 128, offset = 41184625152
gguf_ex_read_0: tensor[716]: name = blk.40.ssm_ba.weight, size = 139264, offset = 41184625280
gguf_ex_read_0: tensor[717]: name = blk.40.ssm_conv1d.weight, size = 131072, offset = 41184764544
gguf_ex_read_0: tensor[718]: name = blk.40.ssm_dt.bias, size = 128, offset = 41184895616
gguf_ex_read_0: tensor[719]: name = blk.40.ssm_norm.weight, size = 512, offset = 41184895744
gguf_ex_read_0: tensor[720]: name = blk.40.ssm_out.weight, size = 8912896, offset = 41184896256
gguf_ex_read_0: tensor[721]: name = blk.41.attn_gate.weight, size = 4718592, offset = 41193809152
gguf_ex_read_0: tensor[722]: name = blk.41.attn_norm.weight, size = 8192, offset = 41198527744
gguf_ex_read_0: tensor[723]: name = blk.41.attn_qkv.weight, size = 11534336, offset = 41198535936
gguf_ex_read_0: tensor[724]: name = blk.41.ffn_down_exps.weight, size = 440401920, offset = 41210070272
gguf_ex_read_0: tensor[725]: name = blk.41.ffn_down_shexp.weight, size = 1114112, offset = 41650472192
gguf_ex_read_0: tensor[726]: name = blk.41.ffn_gate_exps.weight, size = 301989888, offset = 41651586304
gguf_ex_read_0: tensor[727]: name = blk.41.ffn_gate_inp.weight, size = 4194304, offset = 41953576192
gguf_ex_read_0: tensor[728]: name = blk.41.ffn_gate_inp_shexp.weight, size = 8192, offset = 41957770496
gguf_ex_read_0: tensor[729]: name = blk.41.ffn_gate_shexp.weight, size = 1114112, offset = 41957778688
gguf_ex_read_0: tensor[730]: name = blk.41.ffn_up_exps.weight, size = 301989888, offset = 41958892800
gguf_ex_read_0: tensor[731]: name = blk.41.ffn_up_shexp.weight, size = 1114112, offset = 42260882688
gguf_ex_read_0: tensor[732]: name = blk.41.post_attention_norm.weight, size = 8192, offset = 42261996800
gguf_ex_read_0: tensor[733]: name = blk.41.ssm_a, size = 128, offset = 42262004992
gguf_ex_read_0: tensor[734]: name = blk.41.ssm_ba.weight, size = 139264, offset = 42262005120
gguf_ex_read_0: tensor[735]: name = blk.41.ssm_conv1d.weight, size = 131072, offset = 42262144384
gguf_ex_read_0: tensor[736]: name = blk.41.ssm_dt.bias, size = 128, offset = 42262275456
gguf_ex_read_0: tensor[737]: name = blk.41.ssm_norm.weight, size = 512, offset = 42262275584
gguf_ex_read_0: tensor[738]: name = blk.41.ssm_out.weight, size = 8912896, offset = 42262276096
gguf_ex_read_0: tensor[739]: name = blk.42.attn_gate.weight, size = 4718592, offset = 42271188992
gguf_ex_read_0: tensor[740]: name = blk.42.attn_norm.weight, size = 8192, offset = 42275907584
gguf_ex_read_0: tensor[741]: name = blk.42.attn_qkv.weight, size = 11534336, offset = 42275915776
gguf_ex_read_0: tensor[742]: name = blk.42.ffn_down_exps.weight, size = 440401920, offset = 42287450112
gguf_ex_read_0: tensor[743]: name = blk.42.ffn_down_shexp.weight, size = 1114112, offset = 42727852032
gguf_ex_read_0: tensor[744]: name = blk.42.ffn_gate_exps.weight, size = 301989888, offset = 42728966144
gguf_ex_read_0: tensor[745]: name = blk.42.ffn_gate_inp.weight, size = 4194304, offset = 43030956032
gguf_ex_read_0: tensor[746]: name = blk.42.ffn_gate_inp_shexp.weight, size = 8192, offset = 43035150336
gguf_ex_read_0: tensor[747]: name = blk.42.ffn_gate_shexp.weight, size = 1114112, offset = 43035158528
gguf_ex_read_0: tensor[748]: name = blk.42.ffn_up_exps.weight, size = 301989888, offset = 43036272640
gguf_ex_read_0: tensor[749]: name = blk.42.ffn_up_shexp.weight, size = 1114112, offset = 43338262528
gguf_ex_read_0: tensor[750]: name = blk.42.post_attention_norm.weight, size = 8192, offset = 43339376640
gguf_ex_read_0: tensor[751]: name = blk.42.ssm_a, size = 128, offset = 43339384832
gguf_ex_read_0: tensor[752]: name = blk.42.ssm_ba.weight, size = 139264, offset = 43339384960
gguf_ex_read_0: tensor[753]: name = blk.42.ssm_conv1d.weight, size = 131072, offset = 43339524224
gguf_ex_read_0: tensor[754]: name = blk.42.ssm_dt.bias, size = 128, offset = 43339655296
gguf_ex_read_0: tensor[755]: name = blk.42.ssm_norm.weight, size = 512, offset = 43339655424
gguf_ex_read_0: tensor[756]: name = blk.42.ssm_out.weight, size = 8912896, offset = 43339655936
gguf_ex_read_0: tensor[757]: name = blk.43.attn_k.weight, size = 1114112, offset = 43348568832
gguf_ex_read_0: tensor[758]: name = blk.43.attn_k_norm.weight, size = 1024, offset = 43349682944
gguf_ex_read_0: tensor[759]: name = blk.43.attn_norm.weight, size = 8192, offset = 43349683968
gguf_ex_read_0: tensor[760]: name = blk.43.attn_output.weight, size = 6881280, offset = 43349692160
gguf_ex_read_0: tensor[761]: name = blk.43.attn_q.weight, size = 9437184, offset = 43356573440
gguf_ex_read_0: tensor[762]: name = blk.43.attn_q_norm.weight, size = 1024, offset = 43366010624
gguf_ex_read_0: tensor[763]: name = blk.43.attn_v.weight, size = 1114112, offset = 43366011648
gguf_ex_read_0: tensor[764]: name = blk.43.ffn_down_exps.weight, size = 440401920, offset = 43367125760
gguf_ex_read_0: tensor[765]: name = blk.43.ffn_down_shexp.weight, size = 1114112, offset = 43807527680
gguf_ex_read_0: tensor[766]: name = blk.43.ffn_gate_exps.weight, size = 301989888, offset = 43808641792
gguf_ex_read_0: tensor[767]: name = blk.43.ffn_gate_inp.weight, size = 4194304, offset = 44110631680
gguf_ex_read_0: tensor[768]: name = blk.43.ffn_gate_inp_shexp.weight, size = 8192, offset = 44114825984
gguf_ex_read_0: tensor[769]: name = blk.43.ffn_gate_shexp.weight, size = 1114112, offset = 44114834176
gguf_ex_read_0: tensor[770]: name = blk.43.ffn_up_exps.weight, size = 301989888, offset = 44115948288
gguf_ex_read_0: tensor[771]: name = blk.43.ffn_up_shexp.weight, size = 1114112, offset = 44417938176
gguf_ex_read_0: tensor[772]: name = blk.43.post_attention_norm.weight, size = 8192, offset = 44419052288
gguf_ex_read_0: tensor[773]: name = blk.44.attn_gate.weight, size = 4718592, offset = 44419060480
gguf_ex_read_0: tensor[774]: name = blk.44.attn_norm.weight, size = 8192, offset = 44423779072
gguf_ex_read_0: tensor[775]: name = blk.44.attn_qkv.weight, size = 11534336, offset = 44423787264
gguf_ex_read_0: tensor[776]: name = blk.44.ffn_down_exps.weight, size = 440401920, offset = 44435321600
gguf_ex_read_0: tensor[777]: name = blk.44.ffn_down_shexp.weight, size = 1114112, offset = 44875723520
gguf_ex_read_0: tensor[778]: name = blk.44.ffn_gate_exps.weight, size = 301989888, offset = 44876837632
gguf_ex_read_0: tensor[779]: name = blk.44.ffn_gate_inp.weight, size = 4194304, offset = 45178827520
gguf_ex_read_0: tensor[780]: name = blk.44.ffn_gate_inp_shexp.weight, size = 8192, offset = 45183021824
gguf_ex_read_0: tensor[781]: name = blk.44.ffn_gate_shexp.weight, size = 1114112, offset = 45183030016
gguf_ex_read_0: tensor[782]: name = blk.44.ffn_up_exps.weight, size = 301989888, offset = 45184144128
gguf_ex_read_0: tensor[783]: name = blk.44.ffn_up_shexp.weight, size = 1114112, offset = 45486134016
gguf_ex_read_0: tensor[784]: name = blk.44.post_attention_norm.weight, size = 8192, offset = 45487248128
gguf_ex_read_0: tensor[785]: name = blk.44.ssm_a, size = 128, offset = 45487256320
gguf_ex_read_0: tensor[786]: name = blk.44.ssm_ba.weight, size = 139264, offset = 45487256448
gguf_ex_read_0: tensor[787]: name = blk.44.ssm_conv1d.weight, size = 131072, offset = 45487395712
gguf_ex_read_0: tensor[788]: name = blk.44.ssm_dt.bias, size = 128, offset = 45487526784
gguf_ex_read_0: tensor[789]: name = blk.44.ssm_norm.weight, size = 512, offset = 45487526912
gguf_ex_read_0: tensor[790]: name = blk.44.ssm_out.weight, size = 8912896, offset = 45487527424
gguf_ex_read_0: tensor[791]: name = blk.45.attn_gate.weight, size = 4718592, offset = 45496440320
gguf_ex_read_0: tensor[792]: name = blk.45.attn_norm.weight, size = 8192, offset = 45501158912
gguf_ex_read_0: tensor[793]: name = blk.45.attn_qkv.weight, size = 11534336, offset = 45501167104
gguf_ex_read_0: tensor[794]: name = blk.45.ffn_down_exps.weight, size = 440401920, offset = 45512701440
gguf_ex_read_0: tensor[795]: name = blk.45.ffn_down_shexp.weight, size = 1114112, offset = 45953103360
gguf_ex_read_0: tensor[796]: name = blk.45.ffn_gate_exps.weight, size = 301989888, offset = 45954217472
gguf_ex_read_0: tensor[797]: name = blk.45.ffn_gate_inp.weight, size = 4194304, offset = 46256207360
gguf_ex_read_0: tensor[798]: name = blk.45.ffn_gate_inp_shexp.weight, size = 8192, offset = 46260401664
gguf_ex_read_0: tensor[799]: name = blk.45.ffn_gate_shexp.weight, size = 1114112, offset = 46260409856
gguf_ex_read_0: tensor[800]: name = blk.45.ffn_up_exps.weight, size = 301989888, offset = 46261523968
gguf_ex_read_0: tensor[801]: name = blk.45.ffn_up_shexp.weight, size = 1114112, offset = 46563513856
gguf_ex_read_0: tensor[802]: name = blk.45.post_attention_norm.weight, size = 8192, offset = 46564627968
gguf_ex_read_0: tensor[803]: name = blk.45.ssm_a, size = 128, offset = 46564636160
gguf_ex_read_0: tensor[804]: name = blk.45.ssm_ba.weight, size = 139264, offset = 46564636288
gguf_ex_read_0: tensor[805]: name = blk.45.ssm_conv1d.weight, size = 131072, offset = 46564775552
gguf_ex_read_0: tensor[806]: name = blk.45.ssm_dt.bias, size = 128, offset = 46564906624
gguf_ex_read_0: tensor[807]: name = blk.45.ssm_norm.weight, size = 512, offset = 46564906752
gguf_ex_read_0: tensor[808]: name = blk.45.ssm_out.weight, size = 8912896, offset = 46564907264
gguf_ex_read_0: tensor[809]: name = blk.46.attn_gate.weight, size = 4718592, offset = 46573820160
gguf_ex_read_0: tensor[810]: name = blk.46.attn_norm.weight, size = 8192, offset = 46578538752
gguf_ex_read_0: tensor[811]: name = blk.46.attn_qkv.weight, size = 11534336, offset = 46578546944
gguf_ex_read_0: tensor[812]: name = blk.46.ffn_down_exps.weight, size = 440401920, offset = 46590081280
gguf_ex_read_0: tensor[813]: name = blk.46.ffn_down_shexp.weight, size = 1114112, offset = 47030483200
gguf_ex_read_0: tensor[814]: name = blk.46.ffn_gate_exps.weight, size = 301989888, offset = 47031597312
gguf_ex_read_0: tensor[815]: name = blk.46.ffn_gate_inp.weight, size = 4194304, offset = 47333587200
gguf_ex_read_0: tensor[816]: name = blk.46.ffn_gate_inp_shexp.weight, size = 8192, offset = 47337781504
gguf_ex_read_0: tensor[817]: name = blk.46.ffn_gate_shexp.weight, size = 1114112, offset = 47337789696
gguf_ex_read_0: tensor[818]: name = blk.46.ffn_up_exps.weight, size = 301989888, offset = 47338903808
gguf_ex_read_0: tensor[819]: name = blk.46.ffn_up_shexp.weight, size = 1114112, offset = 47640893696
gguf_ex_read_0: tensor[820]: name = blk.46.post_attention_norm.weight, size = 8192, offset = 47642007808
gguf_ex_read_0: tensor[821]: name = blk.46.ssm_a, size = 128, offset = 47642016000
gguf_ex_read_0: tensor[822]: name = blk.46.ssm_ba.weight, size = 139264, offset = 47642016128
gguf_ex_read_0: tensor[823]: name = blk.46.ssm_conv1d.weight, size = 131072, offset = 47642155392
gguf_ex_read_0: tensor[824]: name = blk.46.ssm_dt.bias, size = 128, offset = 47642286464
gguf_ex_read_0: tensor[825]: name = blk.46.ssm_norm.weight, size = 512, offset = 47642286592
gguf_ex_read_0: tensor[826]: name = blk.46.ssm_out.weight, size = 8912896, offset = 47642287104
gguf_ex_read_0: tensor[827]: name = blk.47.attn_k.weight, size = 1114112, offset = 47651200000
gguf_ex_read_0: tensor[828]: name = blk.47.attn_k_norm.weight, size = 1024, offset = 47652314112
gguf_ex_read_0: tensor[829]: name = blk.47.attn_norm.weight, size = 8192, offset = 47652315136
gguf_ex_read_0: tensor[830]: name = blk.47.attn_output.weight, size = 6881280, offset = 47652323328
gguf_ex_read_0: tensor[831]: name = blk.47.attn_q.weight, size = 9437184, offset = 47659204608
gguf_ex_read_0: tensor[832]: name = blk.47.attn_q_norm.weight, size = 1024, offset = 47668641792
gguf_ex_read_0: tensor[833]: name = blk.47.attn_v.weight, size = 1114112, offset = 47668642816
gguf_ex_read_0: tensor[834]: name = blk.47.ffn_down_exps.weight, size = 440401920, offset = 47669756928
gguf_ex_read_0: tensor[835]: name = blk.47.ffn_down_shexp.weight, size = 1114112, offset = 48110158848
gguf_ex_read_0: tensor[836]: name = blk.47.ffn_gate_exps.weight, size = 301989888, offset = 48111272960
gguf_ex_read_0: tensor[837]: name = blk.47.ffn_gate_inp.weight, size = 4194304, offset = 48413262848
gguf_ex_read_0: tensor[838]: name = blk.47.ffn_gate_inp_shexp.weight, size = 8192, offset = 48417457152
gguf_ex_read_0: tensor[839]: name = blk.47.ffn_gate_shexp.weight, size = 1114112, offset = 48417465344
gguf_ex_read_0: tensor[840]: name = blk.47.ffn_up_exps.weight, size = 301989888, offset = 48418579456
gguf_ex_read_0: tensor[841]: name = blk.47.ffn_up_shexp.weight, size = 1114112, offset = 48720569344
gguf_ex_read_0: tensor[842]: name = blk.47.post_attention_norm.weight, size = 8192, offset = 48721683456
gguf_ex_read_1: version:      3
gguf_ex_read_1: alignment:   32
gguf_ex_read_1: data offset: 5985760
gguf_ex_read_1: n_kv: 49
gguf_ex_read_1: kv[0]: key = general.architecture
gguf_ex_read_1: kv[1]: key = general.type
gguf_ex_read_1: kv[2]: key = general.sampling.top_k
gguf_ex_read_1: kv[3]: key = general.sampling.top_p
gguf_ex_read_1: kv[4]: key = general.sampling.temp
gguf_ex_read_1: kv[5]: key = general.name
gguf_ex_read_1: kv[6]: key = general.finetune
gguf_ex_read_1: kv[7]: key = general.basename
gguf_ex_read_1: kv[8]: key = general.size_label
gguf_ex_read_1: kv[9]: key = general.license
gguf_ex_read_1: kv[10]: key = general.license.link
gguf_ex_read_1: kv[11]: key = general.tags
gguf_ex_read_1: kv[12]: key = qwen3next.block_count
gguf_ex_read_1: kv[13]: key = qwen3next.context_length
gguf_ex_read_1: kv[14]: key = qwen3next.embedding_length
gguf_ex_read_1: kv[15]: key = qwen3next.feed_forward_length
gguf_ex_read_1: kv[16]: key = qwen3next.attention.head_count
gguf_ex_read_1: kv[17]: key = qwen3next.attention.head_count_kv
gguf_ex_read_1: kv[18]: key = qwen3next.rope.freq_base
gguf_ex_read_1: kv[19]: key = qwen3next.attention.layer_norm_rms_epsilon
gguf_ex_read_1: kv[20]: key = qwen3next.expert_count
gguf_ex_read_1: kv[21]: key = qwen3next.expert_used_count
gguf_ex_read_1: kv[22]: key = qwen3next.attention.key_length
gguf_ex_read_1: kv[23]: key = qwen3next.attention.value_length
gguf_ex_read_1: kv[24]: key = qwen3next.expert_feed_forward_length
gguf_ex_read_1: kv[25]: key = qwen3next.expert_shared_feed_forward_length
gguf_ex_read_1: kv[26]: key = qwen3next.ssm.conv_kernel
gguf_ex_read_1: kv[27]: key = qwen3next.ssm.state_size
gguf_ex_read_1: kv[28]: key = qwen3next.ssm.group_count
gguf_ex_read_1: kv[29]: key = qwen3next.ssm.time_step_rank
gguf_ex_read_1: kv[30]: key = qwen3next.ssm.inner_size
gguf_ex_read_1: kv[31]: key = qwen3next.full_attention_interval
gguf_ex_read_1: kv[32]: key = qwen3next.rope.dimension_count
gguf_ex_read_1: kv[33]: key = tokenizer.ggml.model
gguf_ex_read_1: kv[34]: key = tokenizer.ggml.pre
gguf_ex_read_1: kv[35]: key = tokenizer.ggml.tokens
gguf_ex_read_1: kv[36]: key = tokenizer.ggml.token_type
gguf_ex_read_1: kv[37]: key = tokenizer.ggml.merges
gguf_ex_read_1: kv[38]: key = tokenizer.ggml.eos_token_id
gguf_ex_read_1: kv[39]: key = tokenizer.ggml.padding_token_id
gguf_ex_read_1: kv[40]: key = tokenizer.ggml.bos_token_id
gguf_ex_read_1: kv[41]: key = tokenizer.ggml.add_bos_token
gguf_ex_read_1: kv[42]: key = tokenizer.chat_template
gguf_ex_read_1: kv[43]: key = general.quantization_version
gguf_ex_read_1: kv[44]: key = general.file_type
gguf_ex_read_1: kv[45]: key = quantize.imatrix.file
gguf_ex_read_1: kv[46]: key = quantize.imatrix.dataset
gguf_ex_read_1: kv[47]: key = quantize.imatrix.entries_count
gguf_ex_read_1: kv[48]: key = quantize.imatrix.chunks_count
gguf_ex_read_1: n_tensors: 843
gguf_ex_read_1: tensor[0]: name = output.weight, size = 255252480, offset = 0, type = q6_K, n_elts = 1215488
gguf_ex_read_1: tensor[1]: name = output_norm.weight, size = 8192, offset = 255252480, type = f32, n_elts = 2048
gguf_ex_read_1: tensor[2]: name = token_embd.weight, size = 175030272, offset = 255260672, type = q4_K, n_elts = 1215488
gguf_ex_read_1: tensor[3]: name = blk.0.attn_gate.weight, size = 4718592, offset = 430290944, type = q4_K, n_elts = 32768
gguf_ex_read_1: tensor[4]: name = blk.0.attn_norm.weight, size = 8192, offset = 435009536, type = f32, n_elts = 2048
gguf_ex_read_1: tensor[5]: name = blk.0.attn_qkv.weight, size = 11534336, offset = 435017728, type = q5_K, n_elts = 65536
gguf_ex_read_1: tensor[6]: name = blk.0.ffn_down_exps.weight, size = 440401920, offset = 446552064, type = q6_K, n_elts = 2097152
gguf_ex_read_1: tensor[7]: name = blk.0.ffn_down_shexp.weight, size = 1114112, offset = 886953984, type = q8_0, n_elts = 32768
gguf_ex_read_1: tensor[8]: name = blk.0.ffn_gate_exps.weight, size = 301989888, offset = 888068096, type = q4_K, n_elts = 2097152
gguf_ex_read_1: tensor[9]: name = blk.0.ffn_gate_inp.weight, size = 4194304, offset = 1190057984, type = f32, n_elts = 1048576
gguf_ex_read_1: tensor[10]: name = blk.0.ffn_gate_inp_shexp.weight, size = 8192, offset = 1194252288, type = f32, n_elts = 2048
gguf_ex_read_1: tensor[11]: name = blk.0.ffn_gate_shexp.weight, size = 1114112, offset = 1194260480, type = q8_0, n_elts = 32768
gguf_ex_read_1: tensor[12]: name = blk.0.ffn_up_exps.weight, size = 301989888, offset = 1195374592, type = q4_K, n_elts = 2097152
gguf_ex_read_1: tensor[13]: name = blk.0.ffn_up_shexp.weight, size = 1114112, offset = 1497364480, type = q8_0, n_elts = 32768
gguf_ex_read_1: tensor[14]: name = blk.0.post_attention_norm.weight, size = 8192, offset = 1498478592, type = f32, n_elts = 2048
gguf_ex_read_1: tensor[15]: name = blk.0.ssm_a, size = 128, offset = 1498486784, type = f32, n_elts = 32
gguf_ex_read_1: tensor[16]: name = blk.0.ssm_ba.weight, size = 139264, offset = 1498486912, type = q8_0, n_elts = 4096
gguf_ex_read_1: tensor[17]: name = blk.0.ssm_conv1d.weight, size = 131072, offset = 1498626176, type = f32, n_elts = 32768
gguf_ex_read_1: tensor[18]: name = blk.0.ssm_dt.bias, size = 128, offset = 1498757248, type = f32, n_elts = 32
gguf_ex_read_1: tensor[19]: name = blk.0.ssm_norm.weight, size = 512, offset = 1498757376, type = f32, n_elts = 128
gguf_ex_read_1: tensor[20]: name = blk.0.ssm_out.weight, size = 8912896, offset = 1498757888, type = q8_0, n_elts = 262144
gguf_ex_read_1: tensor[21]: name = blk.1.attn_gate.weight, size = 4718592, offset = 1507670784, type = q4_K, n_elts = 32768
gguf_ex_read_1: tensor[22]: name = blk.1.attn_norm.weight, size = 8192, offset = 1512389376, type = f32, n_elts = 2048
gguf_ex_read_1: tensor[23]: name = blk.1.attn_qkv.weight, size = 11534336, offset = 1512397568, type = q5_K, n_elts = 65536
gguf_ex_read_1: tensor[24]: name = blk.1.ffn_down_exps.weight, size = 440401920, offset = 1523931904, type = q6_K, n_elts = 2097152
gguf_ex_read_1: tensor[25]: name = blk.1.ffn_down_shexp.weight, size = 1114112, offset = 1964333824, type = q8_0, n_elts = 32768
gguf_ex_read_1: tensor[26]: name = blk.1.ffn_gate_exps.weight, size = 301989888, offset = 1965447936, type = q4_K, n_elts = 2097152
gguf_ex_read_1: tensor[27]: name = blk.1.ffn_gate_inp.weight, size = 4194304, offset = 2267437824, type = f32, n_elts = 1048576
gguf_ex_read_1: tensor[28]: name = blk.1.ffn_gate_inp_shexp.weight, size = 8192, offset = 2271632128, type = f32, n_elts = 2048
gguf_ex_read_1: tensor[29]: name = blk.1.ffn_gate_shexp.weight, size = 1114112, offset = 2271640320, type = q8_0, n_elts = 32768
gguf_ex_read_1: tensor[30]: name = blk.1.ffn_up_exps.weight, size = 301989888, offset = 2272754432, type = q4_K, n_elts = 2097152
gguf_ex_read_1: tensor[31]: name = blk.1.ffn_up_shexp.weight, size = 1114112, offset = 2574744320, type = q8_0, n_elts = 32768
gguf_ex_read_1: tensor[32]: name = blk.1.post_attention_norm.weight, size = 8192, offset = 2575858432, type = f32, n_elts = 2048
gguf_ex_read_1: tensor[33]: name = blk.1.ssm_a, size = 128, offset = 2575866624, type = f32, n_elts = 32
gguf_ex_read_1: tensor[34]: name = blk.1.ssm_ba.weight, size = 139264, offset = 2575866752, type = q8_0, n_elts = 4096
gguf_ex_read_1: tensor[35]: name = blk.1.ssm_conv1d.weight, size = 131072, offset = 2576006016, type = f32, n_elts = 32768
gguf_ex_read_1: tensor[36]: name = blk.1.ssm_dt.bias, size = 128, offset = 2576137088, type = f32, n_elts = 32
gguf_ex_read_1: tensor[37]: name = blk.1.ssm_norm.weight, size = 512, offset = 2576137216, type = f32, n_elts = 128
gguf_ex_read_1: tensor[38]: name = blk.1.ssm_out.weight, size = 8912896, offset = 2576137728, type = q8_0, n_elts = 262144
gguf_ex_read_1: tensor[39]: name = blk.2.attn_gate.weight, size = 4718592, offset = 2585050624, type = q4_K, n_elts = 32768
gguf_ex_read_1: tensor[40]: name = blk.2.attn_norm.weight, size = 8192, offset = 2589769216, type = f32, n_elts = 2048
gguf_ex_read_1: tensor[41]: name = blk.2.attn_qkv.weight, size = 11534336, offset = 2589777408, type = q5_K, n_elts = 65536
gguf_ex_read_1: tensor[42]: name = blk.2.ffn_down_exps.weight, size = 440401920, offset = 2601311744, type = q6_K, n_elts = 2097152
gguf_ex_read_1: tensor[43]: name = blk.2.ffn_down_shexp.weight, size = 1114112, offset = 3041713664, type = q8_0, n_elts = 32768
gguf_ex_read_1: tensor[44]: name = blk.2.ffn_gate_exps.weight, size = 301989888, offset = 3042827776, type = q4_K, n_elts = 2097152
gguf_ex_read_1: tensor[45]: name = blk.2.ffn_gate_inp.weight, size = 4194304, offset = 3344817664, type = f32, n_elts = 1048576
gguf_ex_read_1: tensor[46]: name = blk.2.ffn_gate_inp_shexp.weight, size = 8192, offset = 3349011968, type = f32, n_elts = 2048
gguf_ex_read_1: tensor[47]: name = blk.2.ffn_gate_shexp.weight, size = 1114112, offset = 3349020160, type = q8_0, n_elts = 32768
gguf_ex_read_1: tensor[48]: name = blk.2.ffn_up_exps.weight, size = 301989888, offset = 3350134272, type = q4_K, n_elts = 2097152
gguf_ex_read_1: tensor[49]: name = blk.2.ffn_up_shexp.weight, size = 1114112, offset = 3652124160, type = q8_0, n_elts = 32768
gguf_ex_read_1: tensor[50]: name = blk.2.post_attention_norm.weight, size = 8192, offset = 3653238272, type = f32, n_elts = 2048
gguf_ex_read_1: tensor[51]: name = blk.2.ssm_a, size = 128, offset = 3653246464, type = f32, n_elts = 32
gguf_ex_read_1: tensor[52]: name = blk.2.ssm_ba.weight, size = 139264, offset = 3653246592, type = q8_0, n_elts = 4096
gguf_ex_read_1: tensor[53]: name = blk.2.ssm_conv1d.weight, size = 131072, offset = 3653385856, type = f32, n_elts = 32768
gguf_ex_read_1: tensor[54]: name = blk.2.ssm_dt.bias, size = 128, offset = 3653516928, type = f32, n_elts = 32
gguf_ex_read_1: tensor[55]: name = blk.2.ssm_norm.weight, size = 512, offset = 3653517056, type = f32, n_elts = 128
gguf_ex_read_1: tensor[56]: name = blk.2.ssm_out.weight, size = 8912896, offset = 3653517568, type = q8_0, n_elts = 262144
gguf_ex_read_1: tensor[57]: name = blk.3.attn_k.weight, size = 1114112, offset = 3662430464, type = q8_0, n_elts = 32768
gguf_ex_read_1: tensor[58]: name = blk.3.attn_k_norm.weight, size = 1024, offset = 3663544576, type = f32, n_elts = 256
gguf_ex_read_1: tensor[59]: name = blk.3.attn_norm.weight, size = 8192, offset = 3663545600, type = f32, n_elts = 2048
gguf_ex_read_1: tensor[60]: name = blk.3.attn_output.weight, size = 6881280, offset = 3663553792, type = q6_K, n_elts = 32768
gguf_ex_read_1: tensor[61]: name = blk.3.attn_q.weight, size = 9437184, offset = 3670435072, type = q4_K, n_elts = 65536
gguf_ex_read_1: tensor[62]: name = blk.3.attn_q_norm.weight, size = 1024, offset = 3679872256, type = f32, n_elts = 256
gguf_ex_read_1: tensor[63]: name = blk.3.attn_v.weight, size = 1114112, offset = 3679873280, type = q8_0, n_elts = 32768
gguf_ex_read_1: tensor[64]: name = blk.3.ffn_down_exps.weight, size = 440401920, offset = 3680987392, type = q6_K, n_elts = 2097152
gguf_ex_read_1: tensor[65]: name = blk.3.ffn_down_shexp.weight, size = 1114112, offset = 4121389312, type = q8_0, n_elts = 32768
gguf_ex_read_1: tensor[66]: name = blk.3.ffn_gate_exps.weight, size = 301989888, offset = 4122503424, type = q4_K, n_elts = 2097152
gguf_ex_read_1: tensor[67]: name = blk.3.ffn_gate_inp.weight, size = 4194304, offset = 4424493312, type = f32, n_elts = 1048576
gguf_ex_read_1: tensor[68]: name = blk.3.ffn_gate_inp_shexp.weight, size = 8192, offset = 4428687616, type = f32, n_elts = 2048
gguf_ex_read_1: tensor[69]: name = blk.3.ffn_gate_shexp.weight, size = 1114112, offset = 4428695808, type = q8_0, n_elts = 32768
gguf_ex_read_1: tensor[70]: name = blk.3.ffn_up_exps.weight, size = 301989888, offset = 4429809920, type = q4_K, n_elts = 2097152
gguf_ex_read_1: tensor[71]: name = blk.3.ffn_up_shexp.weight, size = 1114112, offset = 4731799808, type = q8_0, n_elts = 32768
gguf_ex_read_1: tensor[72]: name = blk.3.post_attention_norm.weight, size = 8192, offset = 4732913920, type = f32, n_elts = 2048
gguf_ex_read_1: tensor[73]: name = blk.4.attn_gate.weight, size = 4718592, offset = 4732922112, type = q4_K, n_elts = 32768
gguf_ex_read_1: tensor[74]: name = blk.4.attn_norm.weight, size = 8192, offset = 4737640704, type = f32, n_elts = 2048
gguf_ex_read_1: tensor[75]: name = blk.4.attn_qkv.weight, size = 11534336, offset = 4737648896, type = q5_K, n_elts = 65536
gguf_ex_read_1: tensor[76]: name = blk.4.ffn_down_exps.weight, size = 440401920, offset = 4749183232, type = q6_K, n_elts = 2097152
gguf_ex_read_1: tensor[77]: name = blk.4.ffn_down_shexp.weight, size = 1114112, offset = 5189585152, type = q8_0, n_elts = 32768
gguf_ex_read_1: tensor[78]: name = blk.4.ffn_gate_exps.weight, size = 301989888, offset = 5190699264, type = q4_K, n_elts = 2097152
gguf_ex_read_1: tensor[79]: name = blk.4.ffn_gate_inp.weight, size = 4194304, offset = 5492689152, type = f32, n_elts = 1048576
gguf_ex_read_1: tensor[80]: name = blk.4.ffn_gate_inp_shexp.weight, size = 8192, offset = 5496883456, type = f32, n_elts = 2048
gguf_ex_read_1: tensor[81]: name = blk.4.ffn_gate_shexp.weight, size = 1114112, offset = 5496891648, type = q8_0, n_elts = 32768
gguf_ex_read_1: tensor[82]: name = blk.4.ffn_up_exps.weight, size = 301989888, offset = 5498005760, type = q4_K, n_elts = 2097152
gguf_ex_read_1: tensor[83]: name = blk.4.ffn_up_shexp.weight, size = 1114112, offset = 5799995648, type = q8_0, n_elts = 32768
gguf_ex_read_1: tensor[84]: name = blk.4.post_attention_norm.weight, size = 8192, offset = 5801109760, type = f32, n_elts = 2048
gguf_ex_read_1: tensor[85]: name = blk.4.ssm_a, size = 128, offset = 5801117952, type = f32, n_elts = 32
gguf_ex_read_1: tensor[86]: name = blk.4.ssm_ba.weight, size = 139264, offset = 5801118080, type = q8_0, n_elts = 4096
gguf_ex_read_1: tensor[87]: name = blk.4.ssm_conv1d.weight, size = 131072, offset = 5801257344, type = f32, n_elts = 32768
gguf_ex_read_1: tensor[88]: name = blk.4.ssm_dt.bias, size = 128, offset = 5801388416, type = f32, n_elts = 32
gguf_ex_read_1: tensor[89]: name = blk.4.ssm_norm.weight, size = 512, offset = 5801388544, type = f32, n_elts = 128
gguf_ex_read_1: tensor[90]: name = blk.4.ssm_out.weight, size = 8912896, offset = 5801389056, type = q8_0, n_elts = 262144
gguf_ex_read_1: tensor[91]: name = blk.5.attn_gate.weight, size = 4718592, offset = 5810301952, type = q4_K, n_elts = 32768
gguf_ex_read_1: tensor[92]: name = blk.5.attn_norm.weight, size = 8192, offset = 5815020544, type = f32, n_elts = 2048
gguf_ex_read_1: tensor[93]: name = blk.5.attn_qkv.weight, size = 11534336, offset = 5815028736, type = q5_K, n_elts = 65536
gguf_ex_read_1: tensor[94]: name = blk.5.ffn_down_exps.weight, size = 440401920, offset = 5826563072, type = q6_K, n_elts = 2097152
gguf_ex_read_1: tensor[95]: name = blk.5.ffn_down_shexp.weight, size = 1114112, offset = 6266964992, type = q8_0, n_elts = 32768
gguf_ex_read_1: tensor[96]: name = blk.5.ffn_gate_exps.weight, size = 301989888, offset = 6268079104, type = q4_K, n_elts = 2097152
gguf_ex_read_1: tensor[97]: name = blk.5.ffn_gate_inp.weight, size = 4194304, offset = 6570068992, type = f32, n_elts = 1048576
gguf_ex_read_1: tensor[98]: name = blk.5.ffn_gate_inp_shexp.weight, size = 8192, offset = 6574263296, type = f32, n_elts = 2048
gguf_ex_read_1: tensor[99]: name = blk.5.ffn_gate_shexp.weight, size = 1114112, offset = 6574271488, type = q8_0, n_elts = 32768
gguf_ex_read_1: tensor[100]: name = blk.5.ffn_up_exps.weight, size = 301989888, offset = 6575385600, type = q4_K, n_elts = 2097152
gguf_ex_read_1: tensor[101]: name = blk.5.ffn_up_shexp.weight, size = 1114112, offset = 6877375488, type = q8_0, n_elts = 32768
gguf_ex_read_1: tensor[102]: name = blk.5.post_attention_norm.weight, size = 8192, offset = 6878489600, type = f32, n_elts = 2048
gguf_ex_read_1: tensor[103]: name = blk.5.ssm_a, size = 128, offset = 6878497792, type = f32, n_elts = 32
gguf_ex_read_1: tensor[104]: name = blk.5.ssm_ba.weight, size = 139264, offset = 6878497920, type = q8_0, n_elts = 4096
gguf_ex_read_1: tensor[105]: name = blk.5.ssm_conv1d.weight, size = 131072, offset = 6878637184, type = f32, n_elts = 32768
gguf_ex_read_1: tensor[106]: name = blk.5.ssm_dt.bias, size = 128, offset = 6878768256, type = f32, n_elts = 32
gguf_ex_read_1: tensor[107]: name = blk.5.ssm_norm.weight, size = 512, offset = 6878768384, type = f32, n_elts = 128
gguf_ex_read_1: tensor[108]: name = blk.5.ssm_out.weight, size = 8912896, offset = 6878768896, type = q8_0, n_elts = 262144
gguf_ex_read_1: tensor[109]: name = blk.6.attn_gate.weight, size = 4718592, offset = 6887681792, type = q4_K, n_elts = 32768
gguf_ex_read_1: tensor[110]: name = blk.6.attn_norm.weight, size = 8192, offset = 6892400384, type = f32, n_elts = 2048
gguf_ex_read_1: tensor[111]: name = blk.6.attn_qkv.weight, size = 11534336, offset = 6892408576, type = q5_K, n_elts = 65536
gguf_ex_read_1: tensor[112]: name = blk.6.ffn_down_exps.weight, size = 301989888, offset = 6903942912, type = q4_K, n_elts = 2097152
gguf_ex_read_1: tensor[113]: name = blk.6.ffn_down_shexp.weight, size = 860160, offset = 7205932800, type = q6_K, n_elts = 4096
gguf_ex_read_1: tensor[114]: name = blk.6.ffn_gate_exps.weight, size = 301989888, offset = 7206792960, type = q4_K, n_elts = 2097152
gguf_ex_read_1: tensor[115]: name = blk.6.ffn_gate_inp.weight, size = 4194304, offset = 7508782848, type = f32, n_elts = 1048576
gguf_ex_read_1: tensor[116]: name = blk.6.ffn_gate_inp_shexp.weight, size = 8192, offset = 7512977152, type = f32, n_elts = 2048
gguf_ex_read_1: tensor[117]: name = blk.6.ffn_gate_shexp.weight, size = 860160, offset = 7512985344, type = q6_K, n_elts = 4096
gguf_ex_read_1: tensor[118]: name = blk.6.ffn_up_exps.weight, size = 301989888, offset = 7513845504, type = q4_K, n_elts = 2097152
gguf_ex_read_1: tensor[119]: name = blk.6.ffn_up_shexp.weight, size = 860160, offset = 7815835392, type = q6_K, n_elts = 4096
gguf_ex_read_1: tensor[120]: name = blk.6.post_attention_norm.weight, size = 8192, offset = 7816695552, type = f32, n_elts = 2048
gguf_ex_read_1: tensor[121]: name = blk.6.ssm_a, size = 128, offset = 7816703744, type = f32, n_elts = 32
gguf_ex_read_1: tensor[122]: name = blk.6.ssm_ba.weight, size = 139264, offset = 7816703872, type = q8_0, n_elts = 4096
gguf_ex_read_1: tensor[123]: name = blk.6.ssm_conv1d.weight, size = 131072, offset = 7816843136, type = f32, n_elts = 32768
gguf_ex_read_1: tensor[124]: name = blk.6.ssm_dt.bias, size = 128, offset = 7816974208, type = f32, n_elts = 32
gguf_ex_read_1: tensor[125]: name = blk.6.ssm_norm.weight, size = 512, offset = 7816974336, type = f32, n_elts = 128
gguf_ex_read_1: tensor[126]: name = blk.6.ssm_out.weight, size = 8912896, offset = 7816974848, type = q8_0, n_elts = 262144
gguf_ex_read_1: tensor[127]: name = blk.7.attn_k.weight, size = 1114112, offset = 7825887744, type = q8_0, n_elts = 32768
gguf_ex_read_1: tensor[128]: name = blk.7.attn_k_norm.weight, size = 1024, offset = 7827001856, type = f32, n_elts = 256
gguf_ex_read_1: tensor[129]: name = blk.7.attn_norm.weight, size = 8192, offset = 7827002880, type = f32, n_elts = 2048
gguf_ex_read_1: tensor[130]: name = blk.7.attn_output.weight, size = 6881280, offset = 7827011072, type = q6_K, n_elts = 32768
gguf_ex_read_1: tensor[131]: name = blk.7.attn_q.weight, size = 9437184, offset = 7833892352, type = q4_K, n_elts = 65536
gguf_ex_read_1: tensor[132]: name = blk.7.attn_q_norm.weight, size = 1024, offset = 7843329536, type = f32, n_elts = 256
gguf_ex_read_1: tensor[133]: name = blk.7.attn_v.weight, size = 1114112, offset = 7843330560, type = q8_0, n_elts = 32768
gguf_ex_read_1: tensor[134]: name = blk.7.ffn_down_exps.weight, size = 301989888, offset = 7844444672, type = q4_K, n_elts = 2097152
gguf_ex_read_1: tensor[135]: name = blk.7.ffn_down_shexp.weight, size = 860160, offset = 8146434560, type = q6_K, n_elts = 4096
gguf_ex_read_1: tensor[136]: name = blk.7.ffn_gate_exps.weight, size = 301989888, offset = 8147294720, type = q4_K, n_elts = 2097152
gguf_ex_read_1: tensor[137]: name = blk.7.ffn_gate_inp.weight, size = 4194304, offset = 8449284608, type = f32, n_elts = 1048576
gguf_ex_read_1: tensor[138]: name = blk.7.ffn_gate_inp_shexp.weight, size = 8192, offset = 8453478912, type = f32, n_elts = 2048
gguf_ex_read_1: tensor[139]: name = blk.7.ffn_gate_shexp.weight, size = 860160, offset = 8453487104, type = q6_K, n_elts = 4096
gguf_ex_read_1: tensor[140]: name = blk.7.ffn_up_exps.weight, size = 301989888, offset = 8454347264, type = q4_K, n_elts = 2097152
gguf_ex_read_1: tensor[141]: name = blk.7.ffn_up_shexp.weight, size = 860160, offset = 8756337152, type = q6_K, n_elts = 4096
gguf_ex_read_1: tensor[142]: name = blk.7.post_attention_norm.weight, size = 8192, offset = 8757197312, type = f32, n_elts = 2048
gguf_ex_read_1: tensor[143]: name = blk.8.attn_gate.weight, size = 4718592, offset = 8757205504, type = q4_K, n_elts = 32768
gguf_ex_read_1: tensor[144]: name = blk.8.attn_norm.weight, size = 8192, offset = 8761924096, type = f32, n_elts = 2048
gguf_ex_read_1: tensor[145]: name = blk.8.attn_qkv.weight, size = 11534336, offset = 8761932288, type = q5_K, n_elts = 65536
gguf_ex_read_1: tensor[146]: name = blk.8.ffn_down_exps.weight, size = 440401920, offset = 8773466624, type = q6_K, n_elts = 2097152
gguf_ex_read_1: tensor[147]: name = blk.8.ffn_down_shexp.weight, size = 1114112, offset = 9213868544, type = q8_0, n_elts = 32768
gguf_ex_read_1: tensor[148]: name = blk.8.ffn_gate_exps.weight, size = 301989888, offset = 9214982656, type = q4_K, n_elts = 2097152
gguf_ex_read_1: tensor[149]: name = blk.8.ffn_gate_inp.weight, size = 4194304, offset = 9516972544, type = f32, n_elts = 1048576
gguf_ex_read_1: tensor[150]: name = blk.8.ffn_gate_inp_shexp.weight, size = 8192, offset = 9521166848, type = f32, n_elts = 2048
gguf_ex_read_1: tensor[151]: name = blk.8.ffn_gate_shexp.weight, size = 1114112, offset = 9521175040, type = q8_0, n_elts = 32768
gguf_ex_read_1: tensor[152]: name = blk.8.ffn_up_exps.weight, size = 301989888, offset = 9522289152, type = q4_K, n_elts = 2097152
gguf_ex_read_1: tensor[153]: name = blk.8.ffn_up_shexp.weight, size = 1114112, offset = 9824279040, type = q8_0, n_elts = 32768
gguf_ex_read_1: tensor[154]: name = blk.8.post_attention_norm.weight, size = 8192, offset = 9825393152, type = f32, n_elts = 2048
gguf_ex_read_1: tensor[155]: name = blk.8.ssm_a, size = 128, offset = 9825401344, type = f32, n_elts = 32
gguf_ex_read_1: tensor[156]: name = blk.8.ssm_ba.weight, size = 139264, offset = 9825401472, type = q8_0, n_elts = 4096
gguf_ex_read_1: tensor[157]: name = blk.8.ssm_conv1d.weight, size = 131072, offset = 9825540736, type = f32, n_elts = 32768
gguf_ex_read_1: tensor[158]: name = blk.8.ssm_dt.bias, size = 128, offset = 9825671808, type = f32, n_elts = 32
gguf_ex_read_1: tensor[159]: name = blk.8.ssm_norm.weight, size = 512, offset = 9825671936, type = f32, n_elts = 128
gguf_ex_read_1: tensor[160]: name = blk.8.ssm_out.weight, size = 8912896, offset = 9825672448, type = q8_0, n_elts = 262144
gguf_ex_read_1: tensor[161]: name = blk.9.attn_gate.weight, size = 4718592, offset = 9834585344, type = q4_K, n_elts = 32768
gguf_ex_read_1: tensor[162]: name = blk.9.attn_norm.weight, size = 8192, offset = 9839303936, type = f32, n_elts = 2048
gguf_ex_read_1: tensor[163]: name = blk.9.attn_qkv.weight, size = 11534336, offset = 9839312128, type = q5_K, n_elts = 65536
gguf_ex_read_1: tensor[164]: name = blk.9.ffn_down_exps.weight, size = 301989888, offset = 9850846464, type = q4_K, n_elts = 2097152
gguf_ex_read_1: tensor[165]: name = blk.9.ffn_down_shexp.weight, size = 860160, offset = 10152836352, type = q6_K, n_elts = 4096
gguf_ex_read_1: tensor[166]: name = blk.9.ffn_gate_exps.weight, size = 301989888, offset = 10153696512, type = q4_K, n_elts = 2097152
gguf_ex_read_1: tensor[167]: name = blk.9.ffn_gate_inp.weight, size = 4194304, offset = 10455686400, type = f32, n_elts = 1048576
gguf_ex_read_1: tensor[168]: name = blk.9.ffn_gate_inp_shexp.weight, size = 8192, offset = 10459880704, type = f32, n_elts = 2048
gguf_ex_read_1: tensor[169]: name = blk.9.ffn_gate_shexp.weight, size = 860160, offset = 10459888896, type = q6_K, n_elts = 4096
gguf_ex_read_1: tensor[170]: name = blk.9.ffn_up_exps.weight, size = 301989888, offset = 10460749056, type = q4_K, n_elts = 2097152
gguf_ex_read_1: tensor[171]: name = blk.9.ffn_up_shexp.weight, size = 860160, offset = 10762738944, type = q6_K, n_elts = 4096
gguf_ex_read_1: tensor[172]: name = blk.9.post_attention_norm.weight, size = 8192, offset = 10763599104, type = f32, n_elts = 2048
gguf_ex_read_1: tensor[173]: name = blk.9.ssm_a, size = 128, offset = 10763607296, type = f32, n_elts = 32
gguf_ex_read_1: tensor[174]: name = blk.9.ssm_ba.weight, size = 139264, offset = 10763607424, type = q8_0, n_elts = 4096
gguf_ex_read_1: tensor[175]: name = blk.9.ssm_conv1d.weight, size = 131072, offset = 10763746688, type = f32, n_elts = 32768
gguf_ex_read_1: tensor[176]: name = blk.9.ssm_dt.bias, size = 128, offset = 10763877760, type = f32, n_elts = 32
gguf_ex_read_1: tensor[177]: name = blk.9.ssm_norm.weight, size = 512, offset = 10763877888, type = f32, n_elts = 128
gguf_ex_read_1: tensor[178]: name = blk.9.ssm_out.weight, size = 8912896, offset = 10763878400, type = q8_0, n_elts = 262144
gguf_ex_read_1: tensor[179]: name = blk.10.attn_gate.weight, size = 4718592, offset = 10772791296, type = q4_K, n_elts = 32768
gguf_ex_read_1: tensor[180]: name = blk.10.attn_norm.weight, size = 8192, offset = 10777509888, type = f32, n_elts = 2048
gguf_ex_read_1: tensor[181]: name = blk.10.attn_qkv.weight, size = 11534336, offset = 10777518080, type = q5_K, n_elts = 65536
gguf_ex_read_1: tensor[182]: name = blk.10.ffn_down_exps.weight, size = 301989888, offset = 10789052416, type = q4_K, n_elts = 2097152
gguf_ex_read_1: tensor[183]: name = blk.10.ffn_down_shexp.weight, size = 860160, offset = 11091042304, type = q6_K, n_elts = 4096
gguf_ex_read_1: tensor[184]: name = blk.10.ffn_gate_exps.weight, size = 301989888, offset = 11091902464, type = q4_K, n_elts = 2097152
gguf_ex_read_1: tensor[185]: name = blk.10.ffn_gate_inp.weight, size = 4194304, offset = 11393892352, type = f32, n_elts = 1048576
gguf_ex_read_1: tensor[186]: name = blk.10.ffn_gate_inp_shexp.weight, size = 8192, offset = 11398086656, type = f32, n_elts = 2048
gguf_ex_read_1: tensor[187]: name = blk.10.ffn_gate_shexp.weight, size = 860160, offset = 11398094848, type = q6_K, n_elts = 4096
gguf_ex_read_1: tensor[188]: name = blk.10.ffn_up_exps.weight, size = 301989888, offset = 11398955008, type = q4_K, n_elts = 2097152
gguf_ex_read_1: tensor[189]: name = blk.10.ffn_up_shexp.weight, size = 860160, offset = 11700944896, type = q6_K, n_elts = 4096
gguf_ex_read_1: tensor[190]: name = blk.10.post_attention_norm.weight, size = 8192, offset = 11701805056, type = f32, n_elts = 2048
gguf_ex_read_1: tensor[191]: name = blk.10.ssm_a, size = 128, offset = 11701813248, type = f32, n_elts = 32
gguf_ex_read_1: tensor[192]: name = blk.10.ssm_ba.weight, size = 139264, offset = 11701813376, type = q8_0, n_elts = 4096
gguf_ex_read_1: tensor[193]: name = blk.10.ssm_conv1d.weight, size = 131072, offset = 11701952640, type = f32, n_elts = 32768
gguf_ex_read_1: tensor[194]: name = blk.10.ssm_dt.bias, size = 128, offset = 11702083712, type = f32, n_elts = 32
gguf_ex_read_1: tensor[195]: name = blk.10.ssm_norm.weight, size = 512, offset = 11702083840, type = f32, n_elts = 128
gguf_ex_read_1: tensor[196]: name = blk.10.ssm_out.weight, size = 8912896, offset = 11702084352, type = q8_0, n_elts = 262144
gguf_ex_read_1: tensor[197]: name = blk.11.attn_k.weight, size = 1114112, offset = 11710997248, type = q8_0, n_elts = 32768
gguf_ex_read_1: tensor[198]: name = blk.11.attn_k_norm.weight, size = 1024, offset = 11712111360, type = f32, n_elts = 256
gguf_ex_read_1: tensor[199]: name = blk.11.attn_norm.weight, size = 8192, offset = 11712112384, type = f32, n_elts = 2048
gguf_ex_read_1: tensor[200]: name = blk.11.attn_output.weight, size = 6881280, offset = 11712120576, type = q6_K, n_elts = 32768
gguf_ex_read_1: tensor[201]: name = blk.11.attn_q.weight, size = 9437184, offset = 11719001856, type = q4_K, n_elts = 65536
gguf_ex_read_1: tensor[202]: name = blk.11.attn_q_norm.weight, size = 1024, offset = 11728439040, type = f32, n_elts = 256
gguf_ex_read_1: tensor[203]: name = blk.11.attn_v.weight, size = 1114112, offset = 11728440064, type = q8_0, n_elts = 32768
gguf_ex_read_1: tensor[204]: name = blk.11.ffn_down_exps.weight, size = 440401920, offset = 11729554176, type = q6_K, n_elts = 2097152
gguf_ex_read_1: tensor[205]: name = blk.11.ffn_down_shexp.weight, size = 1114112, offset = 12169956096, type = q8_0, n_elts = 32768
gguf_ex_read_1: tensor[206]: name = blk.11.ffn_gate_exps.weight, size = 301989888, offset = 12171070208, type = q4_K, n_elts = 2097152
gguf_ex_read_1: tensor[207]: name = blk.11.ffn_gate_inp.weight, size = 4194304, offset = 12473060096, type = f32, n_elts = 1048576
gguf_ex_read_1: tensor[208]: name = blk.11.ffn_gate_inp_shexp.weight, size = 8192, offset = 12477254400, type = f32, n_elts = 2048
gguf_ex_read_1: tensor[209]: name = blk.11.ffn_gate_shexp.weight, size = 1114112, offset = 12477262592, type = q8_0, n_elts = 32768
gguf_ex_read_1: tensor[210]: name = blk.11.ffn_up_exps.weight, size = 301989888, offset = 12478376704, type = q4_K, n_elts = 2097152
gguf_ex_read_1: tensor[211]: name = blk.11.ffn_up_shexp.weight, size = 1114112, offset = 12780366592, type = q8_0, n_elts = 32768
gguf_ex_read_1: tensor[212]: name = blk.11.post_attention_norm.weight, size = 8192, offset = 12781480704, type = f32, n_elts = 2048
gguf_ex_read_1: tensor[213]: name = blk.12.attn_gate.weight, size = 4718592, offset = 12781488896, type = q4_K, n_elts = 32768
gguf_ex_read_1: tensor[214]: name = blk.12.attn_norm.weight, size = 8192, offset = 12786207488, type = f32, n_elts = 2048
gguf_ex_read_1: tensor[215]: name = blk.12.attn_qkv.weight, size = 11534336, offset = 12786215680, type = q5_K, n_elts = 65536
gguf_ex_read_1: tensor[216]: name = blk.12.ffn_down_exps.weight, size = 301989888, offset = 12797750016, type = q4_K, n_elts = 2097152
gguf_ex_read_1: tensor[217]: name = blk.12.ffn_down_shexp.weight, size = 860160, offset = 13099739904, type = q6_K, n_elts = 4096
gguf_ex_read_1: tensor[218]: name = blk.12.ffn_gate_exps.weight, size = 301989888, offset = 13100600064, type = q4_K, n_elts = 2097152
gguf_ex_read_1: tensor[219]: name = blk.12.ffn_gate_inp.weight, size = 4194304, offset = 13402589952, type = f32, n_elts = 1048576
gguf_ex_read_1: tensor[220]: name = blk.12.ffn_gate_inp_shexp.weight, size = 8192, offset = 13406784256, type = f32, n_elts = 2048
gguf_ex_read_1: tensor[221]: name = blk.12.ffn_gate_shexp.weight, size = 860160, offset = 13406792448, type = q6_K, n_elts = 4096
gguf_ex_read_1: tensor[222]: name = blk.12.ffn_up_exps.weight, size = 301989888, offset = 13407652608, type = q4_K, n_elts = 2097152
gguf_ex_read_1: tensor[223]: name = blk.12.ffn_up_shexp.weight, size = 860160, offset = 13709642496, type = q6_K, n_elts = 4096
gguf_ex_read_1: tensor[224]: name = blk.12.post_attention_norm.weight, size = 8192, offset = 13710502656, type = f32, n_elts = 2048
gguf_ex_read_1: tensor[225]: name = blk.12.ssm_a, size = 128, offset = 13710510848, type = f32, n_elts = 32
gguf_ex_read_1: tensor[226]: name = blk.12.ssm_ba.weight, size = 139264, offset = 13710510976, type = q8_0, n_elts = 4096
gguf_ex_read_1: tensor[227]: name = blk.12.ssm_conv1d.weight, size = 131072, offset = 13710650240, type = f32, n_elts = 32768
gguf_ex_read_1: tensor[228]: name = blk.12.ssm_dt.bias, size = 128, offset = 13710781312, type = f32, n_elts = 32
gguf_ex_read_1: tensor[229]: name = blk.12.ssm_norm.weight, size = 512, offset = 13710781440, type = f32, n_elts = 128
gguf_ex_read_1: tensor[230]: name = blk.12.ssm_out.weight, size = 8912896, offset = 13710781952, type = q8_0, n_elts = 262144
gguf_ex_read_1: tensor[231]: name = blk.13.attn_gate.weight, size = 4718592, offset = 13719694848, type = q4_K, n_elts = 32768
gguf_ex_read_1: tensor[232]: name = blk.13.attn_norm.weight, size = 8192, offset = 13724413440, type = f32, n_elts = 2048
gguf_ex_read_1: tensor[233]: name = blk.13.attn_qkv.weight, size = 11534336, offset = 13724421632, type = q5_K, n_elts = 65536
gguf_ex_read_1: tensor[234]: name = blk.13.ffn_down_exps.weight, size = 301989888, offset = 13735955968, type = q4_K, n_elts = 2097152
gguf_ex_read_1: tensor[235]: name = blk.13.ffn_down_shexp.weight, size = 860160, offset = 14037945856, type = q6_K, n_elts = 4096
gguf_ex_read_1: tensor[236]: name = blk.13.ffn_gate_exps.weight, size = 301989888, offset = 14038806016, type = q4_K, n_elts = 2097152
gguf_ex_read_1: tensor[237]: name = blk.13.ffn_gate_inp.weight, size = 4194304, offset = 14340795904, type = f32, n_elts = 1048576
gguf_ex_read_1: tensor[238]: name = blk.13.ffn_gate_inp_shexp.weight, size = 8192, offset = 14344990208, type = f32, n_elts = 2048
gguf_ex_read_1: tensor[239]: name = blk.13.ffn_gate_shexp.weight, size = 860160, offset = 14344998400, type = q6_K, n_elts = 4096
gguf_ex_read_1: tensor[240]: name = blk.13.ffn_up_exps.weight, size = 301989888, offset = 14345858560, type = q4_K, n_elts = 2097152
gguf_ex_read_1: tensor[241]: name = blk.13.ffn_up_shexp.weight, size = 860160, offset = 14647848448, type = q6_K, n_elts = 4096
gguf_ex_read_1: tensor[242]: name = blk.13.post_attention_norm.weight, size = 8192, offset = 14648708608, type = f32, n_elts = 2048
gguf_ex_read_1: tensor[243]: name = blk.13.ssm_a, size = 128, offset = 14648716800, type = f32, n_elts = 32
gguf_ex_read_1: tensor[244]: name = blk.13.ssm_ba.weight, size = 139264, offset = 14648716928, type = q8_0, n_elts = 4096
gguf_ex_read_1: tensor[245]: name = blk.13.ssm_conv1d.weight, size = 131072, offset = 14648856192, type = f32, n_elts = 32768
gguf_ex_read_1: tensor[246]: name = blk.13.ssm_dt.bias, size = 128, offset = 14648987264, type = f32, n_elts = 32
gguf_ex_read_1: tensor[247]: name = blk.13.ssm_norm.weight, size = 512, offset = 14648987392, type = f32, n_elts = 128
gguf_ex_read_1: tensor[248]: name = blk.13.ssm_out.weight, size = 8912896, offset = 14648987904, type = q8_0, n_elts = 262144
gguf_ex_read_1: tensor[249]: name = blk.14.attn_gate.weight, size = 4718592, offset = 14657900800, type = q4_K, n_elts = 32768
gguf_ex_read_1: tensor[250]: name = blk.14.attn_norm.weight, size = 8192, offset = 14662619392, type = f32, n_elts = 2048
gguf_ex_read_1: tensor[251]: name = blk.14.attn_qkv.weight, size = 11534336, offset = 14662627584, type = q5_K, n_elts = 65536
gguf_ex_read_1: tensor[252]: name = blk.14.ffn_down_exps.weight, size = 440401920, offset = 14674161920, type = q6_K, n_elts = 2097152
gguf_ex_read_1: tensor[253]: name = blk.14.ffn_down_shexp.weight, size = 1114112, offset = 15114563840, type = q8_0, n_elts = 32768
gguf_ex_read_1: tensor[254]: name = blk.14.ffn_gate_exps.weight, size = 301989888, offset = 15115677952, type = q4_K, n_elts = 2097152
gguf_ex_read_1: tensor[255]: name = blk.14.ffn_gate_inp.weight, size = 4194304, offset = 15417667840, type = f32, n_elts = 1048576
gguf_ex_read_1: tensor[256]: name = blk.14.ffn_gate_inp_shexp.weight, size = 8192, offset = 15421862144, type = f32, n_elts = 2048
gguf_ex_read_1: tensor[257]: name = blk.14.ffn_gate_shexp.weight, size = 1114112, offset = 15421870336, type = q8_0, n_elts = 32768
gguf_ex_read_1: tensor[258]: name = blk.14.ffn_up_exps.weight, size = 301989888, offset = 15422984448, type = q4_K, n_elts = 2097152
gguf_ex_read_1: tensor[259]: name = blk.14.ffn_up_shexp.weight, size = 1114112, offset = 15724974336, type = q8_0, n_elts = 32768
gguf_ex_read_1: tensor[260]: name = blk.14.post_attention_norm.weight, size = 8192, offset = 15726088448, type = f32, n_elts = 2048
gguf_ex_read_1: tensor[261]: name = blk.14.ssm_a, size = 128, offset = 15726096640, type = f32, n_elts = 32
gguf_ex_read_1: tensor[262]: name = blk.14.ssm_ba.weight, size = 139264, offset = 15726096768, type = q8_0, n_elts = 4096
gguf_ex_read_1: tensor[263]: name = blk.14.ssm_conv1d.weight, size = 131072, offset = 15726236032, type = f32, n_elts = 32768
gguf_ex_read_1: tensor[264]: name = blk.14.ssm_dt.bias, size = 128, offset = 15726367104, type = f32, n_elts = 32
gguf_ex_read_1: tensor[265]: name = blk.14.ssm_norm.weight, size = 512, offset = 15726367232, type = f32, n_elts = 128
gguf_ex_read_1: tensor[266]: name = blk.14.ssm_out.weight, size = 8912896, offset = 15726367744, type = q8_0, n_elts = 262144
gguf_ex_read_1: tensor[267]: name = blk.15.attn_k.weight, size = 1114112, offset = 15735280640, type = q8_0, n_elts = 32768
gguf_ex_read_1: tensor[268]: name = blk.15.attn_k_norm.weight, size = 1024, offset = 15736394752, type = f32, n_elts = 256
gguf_ex_read_1: tensor[269]: name = blk.15.attn_norm.weight, size = 8192, offset = 15736395776, type = f32, n_elts = 2048
gguf_ex_read_1: tensor[270]: name = blk.15.attn_output.weight, size = 6881280, offset = 15736403968, type = q6_K, n_elts = 32768
gguf_ex_read_1: tensor[271]: name = blk.15.attn_q.weight, size = 9437184, offset = 15743285248, type = q4_K, n_elts = 65536
gguf_ex_read_1: tensor[272]: name = blk.15.attn_q_norm.weight, size = 1024, offset = 15752722432, type = f32, n_elts = 256
gguf_ex_read_1: tensor[273]: name = blk.15.attn_v.weight, size = 1114112, offset = 15752723456, type = q8_0, n_elts = 32768
gguf_ex_read_1: tensor[274]: name = blk.15.ffn_down_exps.weight, size = 301989888, offset = 15753837568, type = q4_K, n_elts = 2097152
gguf_ex_read_1: tensor[275]: name = blk.15.ffn_down_shexp.weight, size = 860160, offset = 16055827456, type = q6_K, n_elts = 4096
gguf_ex_read_1: tensor[276]: name = blk.15.ffn_gate_exps.weight, size = 301989888, offset = 16056687616, type = q4_K, n_elts = 2097152
gguf_ex_read_1: tensor[277]: name = blk.15.ffn_gate_inp.weight, size = 4194304, offset = 16358677504, type = f32, n_elts = 1048576
gguf_ex_read_1: tensor[278]: name = blk.15.ffn_gate_inp_shexp.weight, size = 8192, offset = 16362871808, type = f32, n_elts = 2048
gguf_ex_read_1: tensor[279]: name = blk.15.ffn_gate_shexp.weight, size = 860160, offset = 16362880000, type = q6_K, n_elts = 4096
gguf_ex_read_1: tensor[280]: name = blk.15.ffn_up_exps.weight, size = 301989888, offset = 16363740160, type = q4_K, n_elts = 2097152
gguf_ex_read_1: tensor[281]: name = blk.15.ffn_up_shexp.weight, size = 860160, offset = 16665730048, type = q6_K, n_elts = 4096
gguf_ex_read_1: tensor[282]: name = blk.15.post_attention_norm.weight, size = 8192, offset = 16666590208, type = f32, n_elts = 2048
gguf_ex_read_1: tensor[283]: name = blk.16.attn_gate.weight, size = 4718592, offset = 16666598400, type = q4_K, n_elts = 32768
gguf_ex_read_1: tensor[284]: name = blk.16.attn_norm.weight, size = 8192, offset = 16671316992, type = f32, n_elts = 2048
gguf_ex_read_1: tensor[285]: name = blk.16.attn_qkv.weight, size = 11534336, offset = 16671325184, type = q5_K, n_elts = 65536
gguf_ex_read_1: tensor[286]: name = blk.16.ffn_down_exps.weight, size = 301989888, offset = 16682859520, type = q4_K, n_elts = 2097152
gguf_ex_read_1: tensor[287]: name = blk.16.ffn_down_shexp.weight, size = 860160, offset = 16984849408, type = q6_K, n_elts = 4096
gguf_ex_read_1: tensor[288]: name = blk.16.ffn_gate_exps.weight, size = 301989888, offset = 16985709568, type = q4_K, n_elts = 2097152
gguf_ex_read_1: tensor[289]: name = blk.16.ffn_gate_inp.weight, size = 4194304, offset = 17287699456, type = f32, n_elts = 1048576
gguf_ex_read_1: tensor[290]: name = blk.16.ffn_gate_inp_shexp.weight, size = 8192, offset = 17291893760, type = f32, n_elts = 2048
gguf_ex_read_1: tensor[291]: name = blk.16.ffn_gate_shexp.weight, size = 860160, offset = 17291901952, type = q6_K, n_elts = 4096
gguf_ex_read_1: tensor[292]: name = blk.16.ffn_up_exps.weight, size = 301989888, offset = 17292762112, type = q4_K, n_elts = 2097152
gguf_ex_read_1: tensor[293]: name = blk.16.ffn_up_shexp.weight, size = 860160, offset = 17594752000, type = q6_K, n_elts = 4096
gguf_ex_read_1: tensor[294]: name = blk.16.post_attention_norm.weight, size = 8192, offset = 17595612160, type = f32, n_elts = 2048
gguf_ex_read_1: tensor[295]: name = blk.16.ssm_a, size = 128, offset = 17595620352, type = f32, n_elts = 32
gguf_ex_read_1: tensor[296]: name = blk.16.ssm_ba.weight, size = 139264, offset = 17595620480, type = q8_0, n_elts = 4096
gguf_ex_read_1: tensor[297]: name = blk.16.ssm_conv1d.weight, size = 131072, offset = 17595759744, type = f32, n_elts = 32768
gguf_ex_read_1: tensor[298]: name = blk.16.ssm_dt.bias, size = 128, offset = 17595890816, type = f32, n_elts = 32
gguf_ex_read_1: tensor[299]: name = blk.16.ssm_norm.weight, size = 512, offset = 17595890944, type = f32, n_elts = 128
gguf_ex_read_1: tensor[300]: name = blk.16.ssm_out.weight, size = 8912896, offset = 17595891456, type = q8_0, n_elts = 262144
gguf_ex_read_1: tensor[301]: name = blk.17.attn_gate.weight, size = 4718592, offset = 17604804352, type = q4_K, n_elts = 32768
gguf_ex_read_1: tensor[302]: name = blk.17.attn_norm.weight, size = 8192, offset = 17609522944, type = f32, n_elts = 2048
gguf_ex_read_1: tensor[303]: name = blk.17.attn_qkv.weight, size = 11534336, offset = 17609531136, type = q5_K, n_elts = 65536
gguf_ex_read_1: tensor[304]: name = blk.17.ffn_down_exps.weight, size = 440401920, offset = 17621065472, type = q6_K, n_elts = 2097152
gguf_ex_read_1: tensor[305]: name = blk.17.ffn_down_shexp.weight, size = 1114112, offset = 18061467392, type = q8_0, n_elts = 32768
gguf_ex_read_1: tensor[306]: name = blk.17.ffn_gate_exps.weight, size = 301989888, offset = 18062581504, type = q4_K, n_elts = 2097152
gguf_ex_read_1: tensor[307]: name = blk.17.ffn_gate_inp.weight, size = 4194304, offset = 18364571392, type = f32, n_elts = 1048576
gguf_ex_read_1: tensor[308]: name = blk.17.ffn_gate_inp_shexp.weight, size = 8192, offset = 18368765696, type = f32, n_elts = 2048
gguf_ex_read_1: tensor[309]: name = blk.17.ffn_gate_shexp.weight, size = 1114112, offset = 18368773888, type = q8_0, n_elts = 32768
gguf_ex_read_1: tensor[310]: name = blk.17.ffn_up_exps.weight, size = 301989888, offset = 18369888000, type = q4_K, n_elts = 2097152
gguf_ex_read_1: tensor[311]: name = blk.17.ffn_up_shexp.weight, size = 1114112, offset = 18671877888, type = q8_0, n_elts = 32768
gguf_ex_read_1: tensor[312]: name = blk.17.post_attention_norm.weight, size = 8192, offset = 18672992000, type = f32, n_elts = 2048
gguf_ex_read_1: tensor[313]: name = blk.17.ssm_a, size = 128, offset = 18673000192, type = f32, n_elts = 32
gguf_ex_read_1: tensor[314]: name = blk.17.ssm_ba.weight, size = 139264, offset = 18673000320, type = q8_0, n_elts = 4096
gguf_ex_read_1: tensor[315]: name = blk.17.ssm_conv1d.weight, size = 131072, offset = 18673139584, type = f32, n_elts = 32768
gguf_ex_read_1: tensor[316]: name = blk.17.ssm_dt.bias, size = 128, offset = 18673270656, type = f32, n_elts = 32
gguf_ex_read_1: tensor[317]: name = blk.17.ssm_norm.weight, size = 512, offset = 18673270784, type = f32, n_elts = 128
gguf_ex_read_1: tensor[318]: name = blk.17.ssm_out.weight, size = 8912896, offset = 18673271296, type = q8_0, n_elts = 262144
gguf_ex_read_1: tensor[319]: name = blk.18.attn_gate.weight, size = 4718592, offset = 18682184192, type = q4_K, n_elts = 32768
gguf_ex_read_1: tensor[320]: name = blk.18.attn_norm.weight, size = 8192, offset = 18686902784, type = f32, n_elts = 2048
gguf_ex_read_1: tensor[321]: name = blk.18.attn_qkv.weight, size = 11534336, offset = 18686910976, type = q5_K, n_elts = 65536
gguf_ex_read_1: tensor[322]: name = blk.18.ffn_down_exps.weight, size = 301989888, offset = 18698445312, type = q4_K, n_elts = 2097152
gguf_ex_read_1: tensor[323]: name = blk.18.ffn_down_shexp.weight, size = 860160, offset = 19000435200, type = q6_K, n_elts = 4096
gguf_ex_read_1: tensor[324]: name = blk.18.ffn_gate_exps.weight, size = 301989888, offset = 19001295360, type = q4_K, n_elts = 2097152
gguf_ex_read_1: tensor[325]: name = blk.18.ffn_gate_inp.weight, size = 4194304, offset = 19303285248, type = f32, n_elts = 1048576
gguf_ex_read_1: tensor[326]: name = blk.18.ffn_gate_inp_shexp.weight, size = 8192, offset = 19307479552, type = f32, n_elts = 2048
gguf_ex_read_1: tensor[327]: name = blk.18.ffn_gate_shexp.weight, size = 860160, offset = 19307487744, type = q6_K, n_elts = 4096
gguf_ex_read_1: tensor[328]: name = blk.18.ffn_up_exps.weight, size = 301989888, offset = 19308347904, type = q4_K, n_elts = 2097152
gguf_ex_read_1: tensor[329]: name = blk.18.ffn_up_shexp.weight, size = 860160, offset = 19610337792, type = q6_K, n_elts = 4096
gguf_ex_read_1: tensor[330]: name = blk.18.post_attention_norm.weight, size = 8192, offset = 19611197952, type = f32, n_elts = 2048
gguf_ex_read_1: tensor[331]: name = blk.18.ssm_a, size = 128, offset = 19611206144, type = f32, n_elts = 32
gguf_ex_read_1: tensor[332]: name = blk.18.ssm_ba.weight, size = 139264, offset = 19611206272, type = q8_0, n_elts = 4096
gguf_ex_read_1: tensor[333]: name = blk.18.ssm_conv1d.weight, size = 131072, offset = 19611345536, type = f32, n_elts = 32768
gguf_ex_read_1: tensor[334]: name = blk.18.ssm_dt.bias, size = 128, offset = 19611476608, type = f32, n_elts = 32
gguf_ex_read_1: tensor[335]: name = blk.18.ssm_norm.weight, size = 512, offset = 19611476736, type = f32, n_elts = 128
gguf_ex_read_1: tensor[336]: name = blk.18.ssm_out.weight, size = 8912896, offset = 19611477248, type = q8_0, n_elts = 262144
gguf_ex_read_1: tensor[337]: name = blk.19.attn_k.weight, size = 1114112, offset = 19620390144, type = q8_0, n_elts = 32768
gguf_ex_read_1: tensor[338]: name = blk.19.attn_k_norm.weight, size = 1024, offset = 19621504256, type = f32, n_elts = 256
gguf_ex_read_1: tensor[339]: name = blk.19.attn_norm.weight, size = 8192, offset = 19621505280, type = f32, n_elts = 2048
gguf_ex_read_1: tensor[340]: name = blk.19.attn_output.weight, size = 6881280, offset = 19621513472, type = q6_K, n_elts = 32768
gguf_ex_read_1: tensor[341]: name = blk.19.attn_q.weight, size = 9437184, offset = 19628394752, type = q4_K, n_elts = 65536
gguf_ex_read_1: tensor[342]: name = blk.19.attn_q_norm.weight, size = 1024, offset = 19637831936, type = f32, n_elts = 256
gguf_ex_read_1: tensor[343]: name = blk.19.attn_v.weight, size = 1114112, offset = 19637832960, type = q8_0, n_elts = 32768
gguf_ex_read_1: tensor[344]: name = blk.19.ffn_down_exps.weight, size = 301989888, offset = 19638947072, type = q4_K, n_elts = 2097152
gguf_ex_read_1: tensor[345]: name = blk.19.ffn_down_shexp.weight, size = 860160, offset = 19940936960, type = q6_K, n_elts = 4096
gguf_ex_read_1: tensor[346]: name = blk.19.ffn_gate_exps.weight, size = 301989888, offset = 19941797120, type = q4_K, n_elts = 2097152
gguf_ex_read_1: tensor[347]: name = blk.19.ffn_gate_inp.weight, size = 4194304, offset = 20243787008, type = f32, n_elts = 1048576
gguf_ex_read_1: tensor[348]: name = blk.19.ffn_gate_inp_shexp.weight, size = 8192, offset = 20247981312, type = f32, n_elts = 2048
gguf_ex_read_1: tensor[349]: name = blk.19.ffn_gate_shexp.weight, size = 860160, offset = 20247989504, type = q6_K, n_elts = 4096
gguf_ex_read_1: tensor[350]: name = blk.19.ffn_up_exps.weight, size = 301989888, offset = 20248849664, type = q4_K, n_elts = 2097152
gguf_ex_read_1: tensor[351]: name = blk.19.ffn_up_shexp.weight, size = 860160, offset = 20550839552, type = q6_K, n_elts = 4096
gguf_ex_read_1: tensor[352]: name = blk.19.post_attention_norm.weight, size = 8192, offset = 20551699712, type = f32, n_elts = 2048
gguf_ex_read_1: tensor[353]: name = blk.20.attn_gate.weight, size = 4718592, offset = 20551707904, type = q4_K, n_elts = 32768
gguf_ex_read_1: tensor[354]: name = blk.20.attn_norm.weight, size = 8192, offset = 20556426496, type = f32, n_elts = 2048
gguf_ex_read_1: tensor[355]: name = blk.20.attn_qkv.weight, size = 11534336, offset = 20556434688, type = q5_K, n_elts = 65536
gguf_ex_read_1: tensor[356]: name = blk.20.ffn_down_exps.weight, size = 440401920, offset = 20567969024, type = q6_K, n_elts = 2097152
gguf_ex_read_1: tensor[357]: name = blk.20.ffn_down_shexp.weight, size = 1114112, offset = 21008370944, type = q8_0, n_elts = 32768
gguf_ex_read_1: tensor[358]: name = blk.20.ffn_gate_exps.weight, size = 301989888, offset = 21009485056, type = q4_K, n_elts = 2097152
gguf_ex_read_1: tensor[359]: name = blk.20.ffn_gate_inp.weight, size = 4194304, offset = 21311474944, type = f32, n_elts = 1048576
gguf_ex_read_1: tensor[360]: name = blk.20.ffn_gate_inp_shexp.weight, size = 8192, offset = 21315669248, type = f32, n_elts = 2048
gguf_ex_read_1: tensor[361]: name = blk.20.ffn_gate_shexp.weight, size = 1114112, offset = 21315677440, type = q8_0, n_elts = 32768
gguf_ex_read_1: tensor[362]: name = blk.20.ffn_up_exps.weight, size = 301989888, offset = 21316791552, type = q4_K, n_elts = 2097152
gguf_ex_read_1: tensor[363]: name = blk.20.ffn_up_shexp.weight, size = 1114112, offset = 21618781440, type = q8_0, n_elts = 32768
gguf_ex_read_1: tensor[364]: name = blk.20.post_attention_norm.weight, size = 8192, offset = 21619895552, type = f32, n_elts = 2048
gguf_ex_read_1: tensor[365]: name = blk.20.ssm_a, size = 128, offset = 21619903744, type = f32, n_elts = 32
gguf_ex_read_1: tensor[366]: name = blk.20.ssm_ba.weight, size = 139264, offset = 21619903872, type = q8_0, n_elts = 4096
gguf_ex_read_1: tensor[367]: name = blk.20.ssm_conv1d.weight, size = 131072, offset = 21620043136, type = f32, n_elts = 32768
gguf_ex_read_1: tensor[368]: name = blk.20.ssm_dt.bias, size = 128, offset = 21620174208, type = f32, n_elts = 32
gguf_ex_read_1: tensor[369]: name = blk.20.ssm_norm.weight, size = 512, offset = 21620174336, type = f32, n_elts = 128
gguf_ex_read_1: tensor[370]: name = blk.20.ssm_out.weight, size = 8912896, offset = 21620174848, type = q8_0, n_elts = 262144
gguf_ex_read_1: tensor[371]: name = blk.21.attn_gate.weight, size = 4718592, offset = 21629087744, type = q4_K, n_elts = 32768
gguf_ex_read_1: tensor[372]: name = blk.21.attn_norm.weight, size = 8192, offset = 21633806336, type = f32, n_elts = 2048
gguf_ex_read_1: tensor[373]: name = blk.21.attn_qkv.weight, size = 11534336, offset = 21633814528, type = q5_K, n_elts = 65536
gguf_ex_read_1: tensor[374]: name = blk.21.ffn_down_exps.weight, size = 301989888, offset = 21645348864, type = q4_K, n_elts = 2097152
gguf_ex_read_1: tensor[375]: name = blk.21.ffn_down_shexp.weight, size = 860160, offset = 21947338752, type = q6_K, n_elts = 4096
gguf_ex_read_1: tensor[376]: name = blk.21.ffn_gate_exps.weight, size = 301989888, offset = 21948198912, type = q4_K, n_elts = 2097152
gguf_ex_read_1: tensor[377]: name = blk.21.ffn_gate_inp.weight, size = 4194304, offset = 22250188800, type = f32, n_elts = 1048576
gguf_ex_read_1: tensor[378]: name = blk.21.ffn_gate_inp_shexp.weight, size = 8192, offset = 22254383104, type = f32, n_elts = 2048
gguf_ex_read_1: tensor[379]: name = blk.21.ffn_gate_shexp.weight, size = 860160, offset = 22254391296, type = q6_K, n_elts = 4096
gguf_ex_read_1: tensor[380]: name = blk.21.ffn_up_exps.weight, size = 301989888, offset = 22255251456, type = q4_K, n_elts = 2097152
gguf_ex_read_1: tensor[381]: name = blk.21.ffn_up_shexp.weight, size = 860160, offset = 22557241344, type = q6_K, n_elts = 4096
gguf_ex_read_1: tensor[382]: name = blk.21.post_attention_norm.weight, size = 8192, offset = 22558101504, type = f32, n_elts = 2048
gguf_ex_read_1: tensor[383]: name = blk.21.ssm_a, size = 128, offset = 22558109696, type = f32, n_elts = 32
gguf_ex_read_1: tensor[384]: name = blk.21.ssm_ba.weight, size = 139264, offset = 22558109824, type = q8_0, n_elts = 4096
gguf_ex_read_1: tensor[385]: name = blk.21.ssm_conv1d.weight, size = 131072, offset = 22558249088, type = f32, n_elts = 32768
gguf_ex_read_1: tensor[386]: name = blk.21.ssm_dt.bias, size = 128, offset = 22558380160, type = f32, n_elts = 32
gguf_ex_read_1: tensor[387]: name = blk.21.ssm_norm.weight, size = 512, offset = 22558380288, type = f32, n_elts = 128
gguf_ex_read_1: tensor[388]: name = blk.21.ssm_out.weight, size = 8912896, offset = 22558380800, type = q8_0, n_elts = 262144
gguf_ex_read_1: tensor[389]: name = blk.22.attn_gate.weight, size = 4718592, offset = 22567293696, type = q4_K, n_elts = 32768
gguf_ex_read_1: tensor[390]: name = blk.22.attn_norm.weight, size = 8192, offset = 22572012288, type = f32, n_elts = 2048
gguf_ex_read_1: tensor[391]: name = blk.22.attn_qkv.weight, size = 11534336, offset = 22572020480, type = q5_K, n_elts = 65536
gguf_ex_read_1: tensor[392]: name = blk.22.ffn_down_exps.weight, size = 301989888, offset = 22583554816, type = q4_K, n_elts = 2097152
gguf_ex_read_1: tensor[393]: name = blk.22.ffn_down_shexp.weight, size = 860160, offset = 22885544704, type = q6_K, n_elts = 4096
gguf_ex_read_1: tensor[394]: name = blk.22.ffn_gate_exps.weight, size = 301989888, offset = 22886404864, type = q4_K, n_elts = 2097152
gguf_ex_read_1: tensor[395]: name = blk.22.ffn_gate_inp.weight, size = 4194304, offset = 23188394752, type = f32, n_elts = 1048576
gguf_ex_read_1: tensor[396]: name = blk.22.ffn_gate_inp_shexp.weight, size = 8192, offset = 23192589056, type = f32, n_elts = 2048
gguf_ex_read_1: tensor[397]: name = blk.22.ffn_gate_shexp.weight, size = 860160, offset = 23192597248, type = q6_K, n_elts = 4096
gguf_ex_read_1: tensor[398]: name = blk.22.ffn_up_exps.weight, size = 301989888, offset = 23193457408, type = q4_K, n_elts = 2097152
gguf_ex_read_1: tensor[399]: name = blk.22.ffn_up_shexp.weight, size = 860160, offset = 23495447296, type = q6_K, n_elts = 4096
gguf_ex_read_1: tensor[400]: name = blk.22.post_attention_norm.weight, size = 8192, offset = 23496307456, type = f32, n_elts = 2048
gguf_ex_read_1: tensor[401]: name = blk.22.ssm_a, size = 128, offset = 23496315648, type = f32, n_elts = 32
gguf_ex_read_1: tensor[402]: name = blk.22.ssm_ba.weight, size = 139264, offset = 23496315776, type = q8_0, n_elts = 4096
gguf_ex_read_1: tensor[403]: name = blk.22.ssm_conv1d.weight, size = 131072, offset = 23496455040, type = f32, n_elts = 32768
gguf_ex_read_1: tensor[404]: name = blk.22.ssm_dt.bias, size = 128, offset = 23496586112, type = f32, n_elts = 32
gguf_ex_read_1: tensor[405]: name = blk.22.ssm_norm.weight, size = 512, offset = 23496586240, type = f32, n_elts = 128
gguf_ex_read_1: tensor[406]: name = blk.22.ssm_out.weight, size = 8912896, offset = 23496586752, type = q8_0, n_elts = 262144
gguf_ex_read_1: tensor[407]: name = blk.23.attn_k.weight, size = 1114112, offset = 23505499648, type = q8_0, n_elts = 32768
gguf_ex_read_1: tensor[408]: name = blk.23.attn_k_norm.weight, size = 1024, offset = 23506613760, type = f32, n_elts = 256
gguf_ex_read_1: tensor[409]: name = blk.23.attn_norm.weight, size = 8192, offset = 23506614784, type = f32, n_elts = 2048
gguf_ex_read_1: tensor[410]: name = blk.23.attn_output.weight, size = 6881280, offset = 23506622976, type = q6_K, n_elts = 32768
gguf_ex_read_1: tensor[411]: name = blk.23.attn_q.weight, size = 9437184, offset = 23513504256, type = q4_K, n_elts = 65536
gguf_ex_read_1: tensor[412]: name = blk.23.attn_q_norm.weight, size = 1024, offset = 23522941440, type = f32, n_elts = 256
gguf_ex_read_1: tensor[413]: name = blk.23.attn_v.weight, size = 1114112, offset = 23522942464, type = q8_0, n_elts = 32768
gguf_ex_read_1: tensor[414]: name = blk.23.ffn_down_exps.weight, size = 440401920, offset = 23524056576, type = q6_K, n_elts = 2097152
gguf_ex_read_1: tensor[415]: name = blk.23.ffn_down_shexp.weight, size = 1114112, offset = 23964458496, type = q8_0, n_elts = 32768
gguf_ex_read_1: tensor[416]: name = blk.23.ffn_gate_exps.weight, size = 301989888, offset = 23965572608, type = q4_K, n_elts = 2097152
gguf_ex_read_1: tensor[417]: name = blk.23.ffn_gate_inp.weight, size = 4194304, offset = 24267562496, type = f32, n_elts = 1048576
gguf_ex_read_1: tensor[418]: name = blk.23.ffn_gate_inp_shexp.weight, size = 8192, offset = 24271756800, type = f32, n_elts = 2048
gguf_ex_read_1: tensor[419]: name = blk.23.ffn_gate_shexp.weight, size = 1114112, offset = 24271764992, type = q8_0, n_elts = 32768
gguf_ex_read_1: tensor[420]: name = blk.23.ffn_up_exps.weight, size = 301989888, offset = 24272879104, type = q4_K, n_elts = 2097152
gguf_ex_read_1: tensor[421]: name = blk.23.ffn_up_shexp.weight, size = 1114112, offset = 24574868992, type = q8_0, n_elts = 32768
gguf_ex_read_1: tensor[422]: name = blk.23.post_attention_norm.weight, size = 8192, offset = 24575983104, type = f32, n_elts = 2048
gguf_ex_read_1: tensor[423]: name = blk.24.attn_gate.weight, size = 4718592, offset = 24575991296, type = q4_K, n_elts = 32768
gguf_ex_read_1: tensor[424]: name = blk.24.attn_norm.weight, size = 8192, offset = 24580709888, type = f32, n_elts = 2048
gguf_ex_read_1: tensor[425]: name = blk.24.attn_qkv.weight, size = 11534336, offset = 24580718080, type = q5_K, n_elts = 65536
gguf_ex_read_1: tensor[426]: name = blk.24.ffn_down_exps.weight, size = 301989888, offset = 24592252416, type = q4_K, n_elts = 2097152
gguf_ex_read_1: tensor[427]: name = blk.24.ffn_down_shexp.weight, size = 860160, offset = 24894242304, type = q6_K, n_elts = 4096
gguf_ex_read_1: tensor[428]: name = blk.24.ffn_gate_exps.weight, size = 301989888, offset = 24895102464, type = q4_K, n_elts = 2097152
gguf_ex_read_1: tensor[429]: name = blk.24.ffn_gate_inp.weight, size = 4194304, offset = 25197092352, type = f32, n_elts = 1048576
gguf_ex_read_1: tensor[430]: name = blk.24.ffn_gate_inp_shexp.weight, size = 8192, offset = 25201286656, type = f32, n_elts = 2048
gguf_ex_read_1: tensor[431]: name = blk.24.ffn_gate_shexp.weight, size = 860160, offset = 25201294848, type = q6_K, n_elts = 4096
gguf_ex_read_1: tensor[432]: name = blk.24.ffn_up_exps.weight, size = 301989888, offset = 25202155008, type = q4_K, n_elts = 2097152
gguf_ex_read_1: tensor[433]: name = blk.24.ffn_up_shexp.weight, size = 860160, offset = 25504144896, type = q6_K, n_elts = 4096
gguf_ex_read_1: tensor[434]: name = blk.24.post_attention_norm.weight, size = 8192, offset = 25505005056, type = f32, n_elts = 2048
gguf_ex_read_1: tensor[435]: name = blk.24.ssm_a, size = 128, offset = 25505013248, type = f32, n_elts = 32
gguf_ex_read_1: tensor[436]: name = blk.24.ssm_ba.weight, size = 139264, offset = 25505013376, type = q8_0, n_elts = 4096
gguf_ex_read_1: tensor[437]: name = blk.24.ssm_conv1d.weight, size = 131072, offset = 25505152640, type = f32, n_elts = 32768
gguf_ex_read_1: tensor[438]: name = blk.24.ssm_dt.bias, size = 128, offset = 25505283712, type = f32, n_elts = 32
gguf_ex_read_1: tensor[439]: name = blk.24.ssm_norm.weight, size = 512, offset = 25505283840, type = f32, n_elts = 128
gguf_ex_read_1: tensor[440]: name = blk.24.ssm_out.weight, size = 8912896, offset = 25505284352, type = q8_0, n_elts = 262144
gguf_ex_read_1: tensor[441]: name = blk.25.attn_gate.weight, size = 4718592, offset = 25514197248, type = q4_K, n_elts = 32768
gguf_ex_read_1: tensor[442]: name = blk.25.attn_norm.weight, size = 8192, offset = 25518915840, type = f32, n_elts = 2048
gguf_ex_read_1: tensor[443]: name = blk.25.attn_qkv.weight, size = 11534336, offset = 25518924032, type = q5_K, n_elts = 65536
gguf_ex_read_1: tensor[444]: name = blk.25.ffn_down_exps.weight, size = 301989888, offset = 25530458368, type = q4_K, n_elts = 2097152
gguf_ex_read_1: tensor[445]: name = blk.25.ffn_down_shexp.weight, size = 860160, offset = 25832448256, type = q6_K, n_elts = 4096
gguf_ex_read_1: tensor[446]: name = blk.25.ffn_gate_exps.weight, size = 301989888, offset = 25833308416, type = q4_K, n_elts = 2097152
gguf_ex_read_1: tensor[447]: name = blk.25.ffn_gate_inp.weight, size = 4194304, offset = 26135298304, type = f32, n_elts = 1048576
gguf_ex_read_1: tensor[448]: name = blk.25.ffn_gate_inp_shexp.weight, size = 8192, offset = 26139492608, type = f32, n_elts = 2048
gguf_ex_read_1: tensor[449]: name = blk.25.ffn_gate_shexp.weight, size = 860160, offset = 26139500800, type = q6_K, n_elts = 4096
gguf_ex_read_1: tensor[450]: name = blk.25.ffn_up_exps.weight, size = 301989888, offset = 26140360960, type = q4_K, n_elts = 2097152
gguf_ex_read_1: tensor[451]: name = blk.25.ffn_up_shexp.weight, size = 860160, offset = 26442350848, type = q6_K, n_elts = 4096
gguf_ex_read_1: tensor[452]: name = blk.25.post_attention_norm.weight, size = 8192, offset = 26443211008, type = f32, n_elts = 2048
gguf_ex_read_1: tensor[453]: name = blk.25.ssm_a, size = 128, offset = 26443219200, type = f32, n_elts = 32
gguf_ex_read_1: tensor[454]: name = blk.25.ssm_ba.weight, size = 139264, offset = 26443219328, type = q8_0, n_elts = 4096
gguf_ex_read_1: tensor[455]: name = blk.25.ssm_conv1d.weight, size = 131072, offset = 26443358592, type = f32, n_elts = 32768
gguf_ex_read_1: tensor[456]: name = blk.25.ssm_dt.bias, size = 128, offset = 26443489664, type = f32, n_elts = 32
gguf_ex_read_1: tensor[457]: name = blk.25.ssm_norm.weight, size = 512, offset = 26443489792, type = f32, n_elts = 128
gguf_ex_read_1: tensor[458]: name = blk.25.ssm_out.weight, size = 8912896, offset = 26443490304, type = q8_0, n_elts = 262144
gguf_ex_read_1: tensor[459]: name = blk.26.attn_gate.weight, size = 4718592, offset = 26452403200, type = q4_K, n_elts = 32768
gguf_ex_read_1: tensor[460]: name = blk.26.attn_norm.weight, size = 8192, offset = 26457121792, type = f32, n_elts = 2048
gguf_ex_read_1: tensor[461]: name = blk.26.attn_qkv.weight, size = 11534336, offset = 26457129984, type = q5_K, n_elts = 65536
gguf_ex_read_1: tensor[462]: name = blk.26.ffn_down_exps.weight, size = 440401920, offset = 26468664320, type = q6_K, n_elts = 2097152
gguf_ex_read_1: tensor[463]: name = blk.26.ffn_down_shexp.weight, size = 1114112, offset = 26909066240, type = q8_0, n_elts = 32768
gguf_ex_read_1: tensor[464]: name = blk.26.ffn_gate_exps.weight, size = 301989888, offset = 26910180352, type = q4_K, n_elts = 2097152
gguf_ex_read_1: tensor[465]: name = blk.26.ffn_gate_inp.weight, size = 4194304, offset = 27212170240, type = f32, n_elts = 1048576
gguf_ex_read_1: tensor[466]: name = blk.26.ffn_gate_inp_shexp.weight, size = 8192, offset = 27216364544, type = f32, n_elts = 2048
gguf_ex_read_1: tensor[467]: name = blk.26.ffn_gate_shexp.weight, size = 1114112, offset = 27216372736, type = q8_0, n_elts = 32768
gguf_ex_read_1: tensor[468]: name = blk.26.ffn_up_exps.weight, size = 301989888, offset = 27217486848, type = q4_K, n_elts = 2097152
gguf_ex_read_1: tensor[469]: name = blk.26.ffn_up_shexp.weight, size = 1114112, offset = 27519476736, type = q8_0, n_elts = 32768
gguf_ex_read_1: tensor[470]: name = blk.26.post_attention_norm.weight, size = 8192, offset = 27520590848, type = f32, n_elts = 2048
gguf_ex_read_1: tensor[471]: name = blk.26.ssm_a, size = 128, offset = 27520599040, type = f32, n_elts = 32
gguf_ex_read_1: tensor[472]: name = blk.26.ssm_ba.weight, size = 139264, offset = 27520599168, type = q8_0, n_elts = 4096
gguf_ex_read_1: tensor[473]: name = blk.26.ssm_conv1d.weight, size = 131072, offset = 27520738432, type = f32, n_elts = 32768
gguf_ex_read_1: tensor[474]: name = blk.26.ssm_dt.bias, size = 128, offset = 27520869504, type = f32, n_elts = 32
gguf_ex_read_1: tensor[475]: name = blk.26.ssm_norm.weight, size = 512, offset = 27520869632, type = f32, n_elts = 128
gguf_ex_read_1: tensor[476]: name = blk.26.ssm_out.weight, size = 8912896, offset = 27520870144, type = q8_0, n_elts = 262144
gguf_ex_read_1: tensor[477]: name = blk.27.attn_k.weight, size = 1114112, offset = 27529783040, type = q8_0, n_elts = 32768
gguf_ex_read_1: tensor[478]: name = blk.27.attn_k_norm.weight, size = 1024, offset = 27530897152, type = f32, n_elts = 256
gguf_ex_read_1: tensor[479]: name = blk.27.attn_norm.weight, size = 8192, offset = 27530898176, type = f32, n_elts = 2048
gguf_ex_read_1: tensor[480]: name = blk.27.attn_output.weight, size = 6881280, offset = 27530906368, type = q6_K, n_elts = 32768
gguf_ex_read_1: tensor[481]: name = blk.27.attn_q.weight, size = 9437184, offset = 27537787648, type = q4_K, n_elts = 65536
gguf_ex_read_1: tensor[482]: name = blk.27.attn_q_norm.weight, size = 1024, offset = 27547224832, type = f32, n_elts = 256
gguf_ex_read_1: tensor[483]: name = blk.27.attn_v.weight, size = 1114112, offset = 27547225856, type = q8_0, n_elts = 32768
gguf_ex_read_1: tensor[484]: name = blk.27.ffn_down_exps.weight, size = 301989888, offset = 27548339968, type = q4_K, n_elts = 2097152
gguf_ex_read_1: tensor[485]: name = blk.27.ffn_down_shexp.weight, size = 860160, offset = 27850329856, type = q6_K, n_elts = 4096
gguf_ex_read_1: tensor[486]: name = blk.27.ffn_gate_exps.weight, size = 301989888, offset = 27851190016, type = q4_K, n_elts = 2097152
gguf_ex_read_1: tensor[487]: name = blk.27.ffn_gate_inp.weight, size = 4194304, offset = 28153179904, type = f32, n_elts = 1048576
gguf_ex_read_1: tensor[488]: name = blk.27.ffn_gate_inp_shexp.weight, size = 8192, offset = 28157374208, type = f32, n_elts = 2048
gguf_ex_read_1: tensor[489]: name = blk.27.ffn_gate_shexp.weight, size = 860160, offset = 28157382400, type = q6_K, n_elts = 4096
gguf_ex_read_1: tensor[490]: name = blk.27.ffn_up_exps.weight, size = 301989888, offset = 28158242560, type = q4_K, n_elts = 2097152
gguf_ex_read_1: tensor[491]: name = blk.27.ffn_up_shexp.weight, size = 860160, offset = 28460232448, type = q6_K, n_elts = 4096
gguf_ex_read_1: tensor[492]: name = blk.27.post_attention_norm.weight, size = 8192, offset = 28461092608, type = f32, n_elts = 2048
gguf_ex_read_1: tensor[493]: name = blk.28.attn_gate.weight, size = 4718592, offset = 28461100800, type = q4_K, n_elts = 32768
gguf_ex_read_1: tensor[494]: name = blk.28.attn_norm.weight, size = 8192, offset = 28465819392, type = f32, n_elts = 2048
gguf_ex_read_1: tensor[495]: name = blk.28.attn_qkv.weight, size = 11534336, offset = 28465827584, type = q5_K, n_elts = 65536
gguf_ex_read_1: tensor[496]: name = blk.28.ffn_down_exps.weight, size = 301989888, offset = 28477361920, type = q4_K, n_elts = 2097152
gguf_ex_read_1: tensor[497]: name = blk.28.ffn_down_shexp.weight, size = 860160, offset = 28779351808, type = q6_K, n_elts = 4096
gguf_ex_read_1: tensor[498]: name = blk.28.ffn_gate_exps.weight, size = 301989888, offset = 28780211968, type = q4_K, n_elts = 2097152
gguf_ex_read_1: tensor[499]: name = blk.28.ffn_gate_inp.weight, size = 4194304, offset = 29082201856, type = f32, n_elts = 1048576
gguf_ex_read_1: tensor[500]: name = blk.28.ffn_gate_inp_shexp.weight, size = 8192, offset = 29086396160, type = f32, n_elts = 2048
gguf_ex_read_1: tensor[501]: name = blk.28.ffn_gate_shexp.weight, size = 860160, offset = 29086404352, type = q6_K, n_elts = 4096
gguf_ex_read_1: tensor[502]: name = blk.28.ffn_up_exps.weight, size = 301989888, offset = 29087264512, type = q4_K, n_elts = 2097152
gguf_ex_read_1: tensor[503]: name = blk.28.ffn_up_shexp.weight, size = 860160, offset = 29389254400, type = q6_K, n_elts = 4096
gguf_ex_read_1: tensor[504]: name = blk.28.post_attention_norm.weight, size = 8192, offset = 29390114560, type = f32, n_elts = 2048
gguf_ex_read_1: tensor[505]: name = blk.28.ssm_a, size = 128, offset = 29390122752, type = f32, n_elts = 32
gguf_ex_read_1: tensor[506]: name = blk.28.ssm_ba.weight, size = 139264, offset = 29390122880, type = q8_0, n_elts = 4096
gguf_ex_read_1: tensor[507]: name = blk.28.ssm_conv1d.weight, size = 131072, offset = 29390262144, type = f32, n_elts = 32768
gguf_ex_read_1: tensor[508]: name = blk.28.ssm_dt.bias, size = 128, offset = 29390393216, type = f32, n_elts = 32
gguf_ex_read_1: tensor[509]: name = blk.28.ssm_norm.weight, size = 512, offset = 29390393344, type = f32, n_elts = 128
gguf_ex_read_1: tensor[510]: name = blk.28.ssm_out.weight, size = 8912896, offset = 29390393856, type = q8_0, n_elts = 262144
gguf_ex_read_1: tensor[511]: name = blk.29.attn_gate.weight, size = 4718592, offset = 29399306752, type = q4_K, n_elts = 32768
gguf_ex_read_1: tensor[512]: name = blk.29.attn_norm.weight, size = 8192, offset = 29404025344, type = f32, n_elts = 2048
gguf_ex_read_1: tensor[513]: name = blk.29.attn_qkv.weight, size = 11534336, offset = 29404033536, type = q5_K, n_elts = 65536
gguf_ex_read_1: tensor[514]: name = blk.29.ffn_down_exps.weight, size = 440401920, offset = 29415567872, type = q6_K, n_elts = 2097152
gguf_ex_read_1: tensor[515]: name = blk.29.ffn_down_shexp.weight, size = 1114112, offset = 29855969792, type = q8_0, n_elts = 32768
gguf_ex_read_1: tensor[516]: name = blk.29.ffn_gate_exps.weight, size = 301989888, offset = 29857083904, type = q4_K, n_elts = 2097152
gguf_ex_read_1: tensor[517]: name = blk.29.ffn_gate_inp.weight, size = 4194304, offset = 30159073792, type = f32, n_elts = 1048576
gguf_ex_read_1: tensor[518]: name = blk.29.ffn_gate_inp_shexp.weight, size = 8192, offset = 30163268096, type = f32, n_elts = 2048
gguf_ex_read_1: tensor[519]: name = blk.29.ffn_gate_shexp.weight, size = 1114112, offset = 30163276288, type = q8_0, n_elts = 32768
gguf_ex_read_1: tensor[520]: name = blk.29.ffn_up_exps.weight, size = 301989888, offset = 30164390400, type = q4_K, n_elts = 2097152
gguf_ex_read_1: tensor[521]: name = blk.29.ffn_up_shexp.weight, size = 1114112, offset = 30466380288, type = q8_0, n_elts = 32768
gguf_ex_read_1: tensor[522]: name = blk.29.post_attention_norm.weight, size = 8192, offset = 30467494400, type = f32, n_elts = 2048
gguf_ex_read_1: tensor[523]: name = blk.29.ssm_a, size = 128, offset = 30467502592, type = f32, n_elts = 32
gguf_ex_read_1: tensor[524]: name = blk.29.ssm_ba.weight, size = 139264, offset = 30467502720, type = q8_0, n_elts = 4096
gguf_ex_read_1: tensor[525]: name = blk.29.ssm_conv1d.weight, size = 131072, offset = 30467641984, type = f32, n_elts = 32768
gguf_ex_read_1: tensor[526]: name = blk.29.ssm_dt.bias, size = 128, offset = 30467773056, type = f32, n_elts = 32
gguf_ex_read_1: tensor[527]: name = blk.29.ssm_norm.weight, size = 512, offset = 30467773184, type = f32, n_elts = 128
gguf_ex_read_1: tensor[528]: name = blk.29.ssm_out.weight, size = 8912896, offset = 30467773696, type = q8_0, n_elts = 262144
gguf_ex_read_1: tensor[529]: name = blk.30.attn_gate.weight, size = 4718592, offset = 30476686592, type = q4_K, n_elts = 32768
gguf_ex_read_1: tensor[530]: name = blk.30.attn_norm.weight, size = 8192, offset = 30481405184, type = f32, n_elts = 2048
gguf_ex_read_1: tensor[531]: name = blk.30.attn_qkv.weight, size = 11534336, offset = 30481413376, type = q5_K, n_elts = 65536
gguf_ex_read_1: tensor[532]: name = blk.30.ffn_down_exps.weight, size = 301989888, offset = 30492947712, type = q4_K, n_elts = 2097152
gguf_ex_read_1: tensor[533]: name = blk.30.ffn_down_shexp.weight, size = 860160, offset = 30794937600, type = q6_K, n_elts = 4096
gguf_ex_read_1: tensor[534]: name = blk.30.ffn_gate_exps.weight, size = 301989888, offset = 30795797760, type = q4_K, n_elts = 2097152
gguf_ex_read_1: tensor[535]: name = blk.30.ffn_gate_inp.weight, size = 4194304, offset = 31097787648, type = f32, n_elts = 1048576
gguf_ex_read_1: tensor[536]: name = blk.30.ffn_gate_inp_shexp.weight, size = 8192, offset = 31101981952, type = f32, n_elts = 2048
gguf_ex_read_1: tensor[537]: name = blk.30.ffn_gate_shexp.weight, size = 860160, offset = 31101990144, type = q6_K, n_elts = 4096
gguf_ex_read_1: tensor[538]: name = blk.30.ffn_up_exps.weight, size = 301989888, offset = 31102850304, type = q4_K, n_elts = 2097152
gguf_ex_read_1: tensor[539]: name = blk.30.ffn_up_shexp.weight, size = 860160, offset = 31404840192, type = q6_K, n_elts = 4096
gguf_ex_read_1: tensor[540]: name = blk.30.post_attention_norm.weight, size = 8192, offset = 31405700352, type = f32, n_elts = 2048
gguf_ex_read_1: tensor[541]: name = blk.30.ssm_a, size = 128, offset = 31405708544, type = f32, n_elts = 32
gguf_ex_read_1: tensor[542]: name = blk.30.ssm_ba.weight, size = 139264, offset = 31405708672, type = q8_0, n_elts = 4096
gguf_ex_read_1: tensor[543]: name = blk.30.ssm_conv1d.weight, size = 131072, offset = 31405847936, type = f32, n_elts = 32768
gguf_ex_read_1: tensor[544]: name = blk.30.ssm_dt.bias, size = 128, offset = 31405979008, type = f32, n_elts = 32
gguf_ex_read_1: tensor[545]: name = blk.30.ssm_norm.weight, size = 512, offset = 31405979136, type = f32, n_elts = 128
gguf_ex_read_1: tensor[546]: name = blk.30.ssm_out.weight, size = 8912896, offset = 31405979648, type = q8_0, n_elts = 262144
gguf_ex_read_1: tensor[547]: name = blk.31.attn_k.weight, size = 1114112, offset = 31414892544, type = q8_0, n_elts = 32768
gguf_ex_read_1: tensor[548]: name = blk.31.attn_k_norm.weight, size = 1024, offset = 31416006656, type = f32, n_elts = 256
gguf_ex_read_1: tensor[549]: name = blk.31.attn_norm.weight, size = 8192, offset = 31416007680, type = f32, n_elts = 2048
gguf_ex_read_1: tensor[550]: name = blk.31.attn_output.weight, size = 6881280, offset = 31416015872, type = q6_K, n_elts = 32768
gguf_ex_read_1: tensor[551]: name = blk.31.attn_q.weight, size = 9437184, offset = 31422897152, type = q4_K, n_elts = 65536
gguf_ex_read_1: tensor[552]: name = blk.31.attn_q_norm.weight, size = 1024, offset = 31432334336, type = f32, n_elts = 256
gguf_ex_read_1: tensor[553]: name = blk.31.attn_v.weight, size = 1114112, offset = 31432335360, type = q8_0, n_elts = 32768
gguf_ex_read_1: tensor[554]: name = blk.31.ffn_down_exps.weight, size = 301989888, offset = 31433449472, type = q4_K, n_elts = 2097152
gguf_ex_read_1: tensor[555]: name = blk.31.ffn_down_shexp.weight, size = 860160, offset = 31735439360, type = q6_K, n_elts = 4096
gguf_ex_read_1: tensor[556]: name = blk.31.ffn_gate_exps.weight, size = 301989888, offset = 31736299520, type = q4_K, n_elts = 2097152
gguf_ex_read_1: tensor[557]: name = blk.31.ffn_gate_inp.weight, size = 4194304, offset = 32038289408, type = f32, n_elts = 1048576
gguf_ex_read_1: tensor[558]: name = blk.31.ffn_gate_inp_shexp.weight, size = 8192, offset = 32042483712, type = f32, n_elts = 2048
gguf_ex_read_1: tensor[559]: name = blk.31.ffn_gate_shexp.weight, size = 860160, offset = 32042491904, type = q6_K, n_elts = 4096
gguf_ex_read_1: tensor[560]: name = blk.31.ffn_up_exps.weight, size = 301989888, offset = 32043352064, type = q4_K, n_elts = 2097152
gguf_ex_read_1: tensor[561]: name = blk.31.ffn_up_shexp.weight, size = 860160, offset = 32345341952, type = q6_K, n_elts = 4096
gguf_ex_read_1: tensor[562]: name = blk.31.post_attention_norm.weight, size = 8192, offset = 32346202112, type = f32, n_elts = 2048
gguf_ex_read_1: tensor[563]: name = blk.32.attn_gate.weight, size = 4718592, offset = 32346210304, type = q4_K, n_elts = 32768
gguf_ex_read_1: tensor[564]: name = blk.32.attn_norm.weight, size = 8192, offset = 32350928896, type = f32, n_elts = 2048
gguf_ex_read_1: tensor[565]: name = blk.32.attn_qkv.weight, size = 11534336, offset = 32350937088, type = q5_K, n_elts = 65536
gguf_ex_read_1: tensor[566]: name = blk.32.ffn_down_exps.weight, size = 440401920, offset = 32362471424, type = q6_K, n_elts = 2097152
gguf_ex_read_1: tensor[567]: name = blk.32.ffn_down_shexp.weight, size = 1114112, offset = 32802873344, type = q8_0, n_elts = 32768
gguf_ex_read_1: tensor[568]: name = blk.32.ffn_gate_exps.weight, size = 301989888, offset = 32803987456, type = q4_K, n_elts = 2097152
gguf_ex_read_1: tensor[569]: name = blk.32.ffn_gate_inp.weight, size = 4194304, offset = 33105977344, type = f32, n_elts = 1048576
gguf_ex_read_1: tensor[570]: name = blk.32.ffn_gate_inp_shexp.weight, size = 8192, offset = 33110171648, type = f32, n_elts = 2048
gguf_ex_read_1: tensor[571]: name = blk.32.ffn_gate_shexp.weight, size = 1114112, offset = 33110179840, type = q8_0, n_elts = 32768
gguf_ex_read_1: tensor[572]: name = blk.32.ffn_up_exps.weight, size = 301989888, offset = 33111293952, type = q4_K, n_elts = 2097152
gguf_ex_read_1: tensor[573]: name = blk.32.ffn_up_shexp.weight, size = 1114112, offset = 33413283840, type = q8_0, n_elts = 32768
gguf_ex_read_1: tensor[574]: name = blk.32.post_attention_norm.weight, size = 8192, offset = 33414397952, type = f32, n_elts = 2048
gguf_ex_read_1: tensor[575]: name = blk.32.ssm_a, size = 128, offset = 33414406144, type = f32, n_elts = 32
gguf_ex_read_1: tensor[576]: name = blk.32.ssm_ba.weight, size = 139264, offset = 33414406272, type = q8_0, n_elts = 4096
gguf_ex_read_1: tensor[577]: name = blk.32.ssm_conv1d.weight, size = 131072, offset = 33414545536, type = f32, n_elts = 32768
gguf_ex_read_1: tensor[578]: name = blk.32.ssm_dt.bias, size = 128, offset = 33414676608, type = f32, n_elts = 32
gguf_ex_read_1: tensor[579]: name = blk.32.ssm_norm.weight, size = 512, offset = 33414676736, type = f32, n_elts = 128
gguf_ex_read_1: tensor[580]: name = blk.32.ssm_out.weight, size = 8912896, offset = 33414677248, type = q8_0, n_elts = 262144
gguf_ex_read_1: tensor[581]: name = blk.33.attn_gate.weight, size = 4718592, offset = 33423590144, type = q4_K, n_elts = 32768
gguf_ex_read_1: tensor[582]: name = blk.33.attn_norm.weight, size = 8192, offset = 33428308736, type = f32, n_elts = 2048
gguf_ex_read_1: tensor[583]: name = blk.33.attn_qkv.weight, size = 11534336, offset = 33428316928, type = q5_K, n_elts = 65536
gguf_ex_read_1: tensor[584]: name = blk.33.ffn_down_exps.weight, size = 301989888, offset = 33439851264, type = q4_K, n_elts = 2097152
gguf_ex_read_1: tensor[585]: name = blk.33.ffn_down_shexp.weight, size = 860160, offset = 33741841152, type = q6_K, n_elts = 4096
gguf_ex_read_1: tensor[586]: name = blk.33.ffn_gate_exps.weight, size = 301989888, offset = 33742701312, type = q4_K, n_elts = 2097152
gguf_ex_read_1: tensor[587]: name = blk.33.ffn_gate_inp.weight, size = 4194304, offset = 34044691200, type = f32, n_elts = 1048576
gguf_ex_read_1: tensor[588]: name = blk.33.ffn_gate_inp_shexp.weight, size = 8192, offset = 34048885504, type = f32, n_elts = 2048
gguf_ex_read_1: tensor[589]: name = blk.33.ffn_gate_shexp.weight, size = 860160, offset = 34048893696, type = q6_K, n_elts = 4096
gguf_ex_read_1: tensor[590]: name = blk.33.ffn_up_exps.weight, size = 301989888, offset = 34049753856, type = q4_K, n_elts = 2097152
gguf_ex_read_1: tensor[591]: name = blk.33.ffn_up_shexp.weight, size = 860160, offset = 34351743744, type = q6_K, n_elts = 4096
gguf_ex_read_1: tensor[592]: name = blk.33.post_attention_norm.weight, size = 8192, offset = 34352603904, type = f32, n_elts = 2048
gguf_ex_read_1: tensor[593]: name = blk.33.ssm_a, size = 128, offset = 34352612096, type = f32, n_elts = 32
gguf_ex_read_1: tensor[594]: name = blk.33.ssm_ba.weight, size = 139264, offset = 34352612224, type = q8_0, n_elts = 4096
gguf_ex_read_1: tensor[595]: name = blk.33.ssm_conv1d.weight, size = 131072, offset = 34352751488, type = f32, n_elts = 32768
gguf_ex_read_1: tensor[596]: name = blk.33.ssm_dt.bias, size = 128, offset = 34352882560, type = f32, n_elts = 32
gguf_ex_read_1: tensor[597]: name = blk.33.ssm_norm.weight, size = 512, offset = 34352882688, type = f32, n_elts = 128
gguf_ex_read_1: tensor[598]: name = blk.33.ssm_out.weight, size = 8912896, offset = 34352883200, type = q8_0, n_elts = 262144
gguf_ex_read_1: tensor[599]: name = blk.34.attn_gate.weight, size = 4718592, offset = 34361796096, type = q4_K, n_elts = 32768
gguf_ex_read_1: tensor[600]: name = blk.34.attn_norm.weight, size = 8192, offset = 34366514688, type = f32, n_elts = 2048
gguf_ex_read_1: tensor[601]: name = blk.34.attn_qkv.weight, size = 11534336, offset = 34366522880, type = q5_K, n_elts = 65536
gguf_ex_read_1: tensor[602]: name = blk.34.ffn_down_exps.weight, size = 301989888, offset = 34378057216, type = q4_K, n_elts = 2097152
gguf_ex_read_1: tensor[603]: name = blk.34.ffn_down_shexp.weight, size = 860160, offset = 34680047104, type = q6_K, n_elts = 4096
gguf_ex_read_1: tensor[604]: name = blk.34.ffn_gate_exps.weight, size = 301989888, offset = 34680907264, type = q4_K, n_elts = 2097152
gguf_ex_read_1: tensor[605]: name = blk.34.ffn_gate_inp.weight, size = 4194304, offset = 34982897152, type = f32, n_elts = 1048576
gguf_ex_read_1: tensor[606]: name = blk.34.ffn_gate_inp_shexp.weight, size = 8192, offset = 34987091456, type = f32, n_elts = 2048
gguf_ex_read_1: tensor[607]: name = blk.34.ffn_gate_shexp.weight, size = 860160, offset = 34987099648, type = q6_K, n_elts = 4096
gguf_ex_read_1: tensor[608]: name = blk.34.ffn_up_exps.weight, size = 301989888, offset = 34987959808, type = q4_K, n_elts = 2097152
gguf_ex_read_1: tensor[609]: name = blk.34.ffn_up_shexp.weight, size = 860160, offset = 35289949696, type = q6_K, n_elts = 4096
gguf_ex_read_1: tensor[610]: name = blk.34.post_attention_norm.weight, size = 8192, offset = 35290809856, type = f32, n_elts = 2048
gguf_ex_read_1: tensor[611]: name = blk.34.ssm_a, size = 128, offset = 35290818048, type = f32, n_elts = 32
gguf_ex_read_1: tensor[612]: name = blk.34.ssm_ba.weight, size = 139264, offset = 35290818176, type = q8_0, n_elts = 4096
gguf_ex_read_1: tensor[613]: name = blk.34.ssm_conv1d.weight, size = 131072, offset = 35290957440, type = f32, n_elts = 32768
gguf_ex_read_1: tensor[614]: name = blk.34.ssm_dt.bias, size = 128, offset = 35291088512, type = f32, n_elts = 32
gguf_ex_read_1: tensor[615]: name = blk.34.ssm_norm.weight, size = 512, offset = 35291088640, type = f32, n_elts = 128
gguf_ex_read_1: tensor[616]: name = blk.34.ssm_out.weight, size = 8912896, offset = 35291089152, type = q8_0, n_elts = 262144
gguf_ex_read_1: tensor[617]: name = blk.35.attn_k.weight, size = 1114112, offset = 35300002048, type = q8_0, n_elts = 32768
gguf_ex_read_1: tensor[618]: name = blk.35.attn_k_norm.weight, size = 1024, offset = 35301116160, type = f32, n_elts = 256
gguf_ex_read_1: tensor[619]: name = blk.35.attn_norm.weight, size = 8192, offset = 35301117184, type = f32, n_elts = 2048
gguf_ex_read_1: tensor[620]: name = blk.35.attn_output.weight, size = 6881280, offset = 35301125376, type = q6_K, n_elts = 32768
gguf_ex_read_1: tensor[621]: name = blk.35.attn_q.weight, size = 9437184, offset = 35308006656, type = q4_K, n_elts = 65536
gguf_ex_read_1: tensor[622]: name = blk.35.attn_q_norm.weight, size = 1024, offset = 35317443840, type = f32, n_elts = 256
gguf_ex_read_1: tensor[623]: name = blk.35.attn_v.weight, size = 1114112, offset = 35317444864, type = q8_0, n_elts = 32768
gguf_ex_read_1: tensor[624]: name = blk.35.ffn_down_exps.weight, size = 440401920, offset = 35318558976, type = q6_K, n_elts = 2097152
gguf_ex_read_1: tensor[625]: name = blk.35.ffn_down_shexp.weight, size = 1114112, offset = 35758960896, type = q8_0, n_elts = 32768
gguf_ex_read_1: tensor[626]: name = blk.35.ffn_gate_exps.weight, size = 301989888, offset = 35760075008, type = q4_K, n_elts = 2097152
gguf_ex_read_1: tensor[627]: name = blk.35.ffn_gate_inp.weight, size = 4194304, offset = 36062064896, type = f32, n_elts = 1048576
gguf_ex_read_1: tensor[628]: name = blk.35.ffn_gate_inp_shexp.weight, size = 8192, offset = 36066259200, type = f32, n_elts = 2048
gguf_ex_read_1: tensor[629]: name = blk.35.ffn_gate_shexp.weight, size = 1114112, offset = 36066267392, type = q8_0, n_elts = 32768
gguf_ex_read_1: tensor[630]: name = blk.35.ffn_up_exps.weight, size = 301989888, offset = 36067381504, type = q4_K, n_elts = 2097152
gguf_ex_read_1: tensor[631]: name = blk.35.ffn_up_shexp.weight, size = 1114112, offset = 36369371392, type = q8_0, n_elts = 32768
gguf_ex_read_1: tensor[632]: name = blk.35.post_attention_norm.weight, size = 8192, offset = 36370485504, type = f32, n_elts = 2048
gguf_ex_read_1: tensor[633]: name = blk.36.attn_gate.weight, size = 4718592, offset = 36370493696, type = q4_K, n_elts = 32768
gguf_ex_read_1: tensor[634]: name = blk.36.attn_norm.weight, size = 8192, offset = 36375212288, type = f32, n_elts = 2048
gguf_ex_read_1: tensor[635]: name = blk.36.attn_qkv.weight, size = 11534336, offset = 36375220480, type = q5_K, n_elts = 65536
gguf_ex_read_1: tensor[636]: name = blk.36.ffn_down_exps.weight, size = 301989888, offset = 36386754816, type = q4_K, n_elts = 2097152
gguf_ex_read_1: tensor[637]: name = blk.36.ffn_down_shexp.weight, size = 860160, offset = 36688744704, type = q6_K, n_elts = 4096
gguf_ex_read_1: tensor[638]: name = blk.36.ffn_gate_exps.weight, size = 301989888, offset = 36689604864, type = q4_K, n_elts = 2097152
gguf_ex_read_1: tensor[639]: name = blk.36.ffn_gate_inp.weight, size = 4194304, offset = 36991594752, type = f32, n_elts = 1048576
gguf_ex_read_1: tensor[640]: name = blk.36.ffn_gate_inp_shexp.weight, size = 8192, offset = 36995789056, type = f32, n_elts = 2048
gguf_ex_read_1: tensor[641]: name = blk.36.ffn_gate_shexp.weight, size = 860160, offset = 36995797248, type = q6_K, n_elts = 4096
gguf_ex_read_1: tensor[642]: name = blk.36.ffn_up_exps.weight, size = 301989888, offset = 36996657408, type = q4_K, n_elts = 2097152
gguf_ex_read_1: tensor[643]: name = blk.36.ffn_up_shexp.weight, size = 860160, offset = 37298647296, type = q6_K, n_elts = 4096
gguf_ex_read_1: tensor[644]: name = blk.36.post_attention_norm.weight, size = 8192, offset = 37299507456, type = f32, n_elts = 2048
gguf_ex_read_1: tensor[645]: name = blk.36.ssm_a, size = 128, offset = 37299515648, type = f32, n_elts = 32
gguf_ex_read_1: tensor[646]: name = blk.36.ssm_ba.weight, size = 139264, offset = 37299515776, type = q8_0, n_elts = 4096
gguf_ex_read_1: tensor[647]: name = blk.36.ssm_conv1d.weight, size = 131072, offset = 37299655040, type = f32, n_elts = 32768
gguf_ex_read_1: tensor[648]: name = blk.36.ssm_dt.bias, size = 128, offset = 37299786112, type = f32, n_elts = 32
gguf_ex_read_1: tensor[649]: name = blk.36.ssm_norm.weight, size = 512, offset = 37299786240, type = f32, n_elts = 128
gguf_ex_read_1: tensor[650]: name = blk.36.ssm_out.weight, size = 8912896, offset = 37299786752, type = q8_0, n_elts = 262144
gguf_ex_read_1: tensor[651]: name = blk.37.attn_gate.weight, size = 4718592, offset = 37308699648, type = q4_K, n_elts = 32768
gguf_ex_read_1: tensor[652]: name = blk.37.attn_norm.weight, size = 8192, offset = 37313418240, type = f32, n_elts = 2048
gguf_ex_read_1: tensor[653]: name = blk.37.attn_qkv.weight, size = 11534336, offset = 37313426432, type = q5_K, n_elts = 65536
gguf_ex_read_1: tensor[654]: name = blk.37.ffn_down_exps.weight, size = 301989888, offset = 37324960768, type = q4_K, n_elts = 2097152
gguf_ex_read_1: tensor[655]: name = blk.37.ffn_down_shexp.weight, size = 860160, offset = 37626950656, type = q6_K, n_elts = 4096
gguf_ex_read_1: tensor[656]: name = blk.37.ffn_gate_exps.weight, size = 301989888, offset = 37627810816, type = q4_K, n_elts = 2097152
gguf_ex_read_1: tensor[657]: name = blk.37.ffn_gate_inp.weight, size = 4194304, offset = 37929800704, type = f32, n_elts = 1048576
gguf_ex_read_1: tensor[658]: name = blk.37.ffn_gate_inp_shexp.weight, size = 8192, offset = 37933995008, type = f32, n_elts = 2048
gguf_ex_read_1: tensor[659]: name = blk.37.ffn_gate_shexp.weight, size = 860160, offset = 37934003200, type = q6_K, n_elts = 4096
gguf_ex_read_1: tensor[660]: name = blk.37.ffn_up_exps.weight, size = 301989888, offset = 37934863360, type = q4_K, n_elts = 2097152
gguf_ex_read_1: tensor[661]: name = blk.37.ffn_up_shexp.weight, size = 860160, offset = 38236853248, type = q6_K, n_elts = 4096
gguf_ex_read_1: tensor[662]: name = blk.37.post_attention_norm.weight, size = 8192, offset = 38237713408, type = f32, n_elts = 2048
gguf_ex_read_1: tensor[663]: name = blk.37.ssm_a, size = 128, offset = 38237721600, type = f32, n_elts = 32
gguf_ex_read_1: tensor[664]: name = blk.37.ssm_ba.weight, size = 139264, offset = 38237721728, type = q8_0, n_elts = 4096
gguf_ex_read_1: tensor[665]: name = blk.37.ssm_conv1d.weight, size = 131072, offset = 38237860992, type = f32, n_elts = 32768
gguf_ex_read_1: tensor[666]: name = blk.37.ssm_dt.bias, size = 128, offset = 38237992064, type = f32, n_elts = 32
gguf_ex_read_1: tensor[667]: name = blk.37.ssm_norm.weight, size = 512, offset = 38237992192, type = f32, n_elts = 128
gguf_ex_read_1: tensor[668]: name = blk.37.ssm_out.weight, size = 8912896, offset = 38237992704, type = q8_0, n_elts = 262144
gguf_ex_read_1: tensor[669]: name = blk.38.attn_gate.weight, size = 4718592, offset = 38246905600, type = q4_K, n_elts = 32768
gguf_ex_read_1: tensor[670]: name = blk.38.attn_norm.weight, size = 8192, offset = 38251624192, type = f32, n_elts = 2048
gguf_ex_read_1: tensor[671]: name = blk.38.attn_qkv.weight, size = 11534336, offset = 38251632384, type = q5_K, n_elts = 65536
gguf_ex_read_1: tensor[672]: name = blk.38.ffn_down_exps.weight, size = 440401920, offset = 38263166720, type = q6_K, n_elts = 2097152
gguf_ex_read_1: tensor[673]: name = blk.38.ffn_down_shexp.weight, size = 1114112, offset = 38703568640, type = q8_0, n_elts = 32768
gguf_ex_read_1: tensor[674]: name = blk.38.ffn_gate_exps.weight, size = 301989888, offset = 38704682752, type = q4_K, n_elts = 2097152
gguf_ex_read_1: tensor[675]: name = blk.38.ffn_gate_inp.weight, size = 4194304, offset = 39006672640, type = f32, n_elts = 1048576
gguf_ex_read_1: tensor[676]: name = blk.38.ffn_gate_inp_shexp.weight, size = 8192, offset = 39010866944, type = f32, n_elts = 2048
gguf_ex_read_1: tensor[677]: name = blk.38.ffn_gate_shexp.weight, size = 1114112, offset = 39010875136, type = q8_0, n_elts = 32768
gguf_ex_read_1: tensor[678]: name = blk.38.ffn_up_exps.weight, size = 301989888, offset = 39011989248, type = q4_K, n_elts = 2097152
gguf_ex_read_1: tensor[679]: name = blk.38.ffn_up_shexp.weight, size = 1114112, offset = 39313979136, type = q8_0, n_elts = 32768
gguf_ex_read_1: tensor[680]: name = blk.38.post_attention_norm.weight, size = 8192, offset = 39315093248, type = f32, n_elts = 2048
gguf_ex_read_1: tensor[681]: name = blk.38.ssm_a, size = 128, offset = 39315101440, type = f32, n_elts = 32
gguf_ex_read_1: tensor[682]: name = blk.38.ssm_ba.weight, size = 139264, offset = 39315101568, type = q8_0, n_elts = 4096
gguf_ex_read_1: tensor[683]: name = blk.38.ssm_conv1d.weight, size = 131072, offset = 39315240832, type = f32, n_elts = 32768
gguf_ex_read_1: tensor[684]: name = blk.38.ssm_dt.bias, size = 128, offset = 39315371904, type = f32, n_elts = 32
gguf_ex_read_1: tensor[685]: name = blk.38.ssm_norm.weight, size = 512, offset = 39315372032, type = f32, n_elts = 128
gguf_ex_read_1: tensor[686]: name = blk.38.ssm_out.weight, size = 8912896, offset = 39315372544, type = q8_0, n_elts = 262144
gguf_ex_read_1: tensor[687]: name = blk.39.attn_k.weight, size = 1114112, offset = 39324285440, type = q8_0, n_elts = 32768
gguf_ex_read_1: tensor[688]: name = blk.39.attn_k_norm.weight, size = 1024, offset = 39325399552, type = f32, n_elts = 256
gguf_ex_read_1: tensor[689]: name = blk.39.attn_norm.weight, size = 8192, offset = 39325400576, type = f32, n_elts = 2048
gguf_ex_read_1: tensor[690]: name = blk.39.attn_output.weight, size = 6881280, offset = 39325408768, type = q6_K, n_elts = 32768
gguf_ex_read_1: tensor[691]: name = blk.39.attn_q.weight, size = 9437184, offset = 39332290048, type = q4_K, n_elts = 65536
gguf_ex_read_1: tensor[692]: name = blk.39.attn_q_norm.weight, size = 1024, offset = 39341727232, type = f32, n_elts = 256
gguf_ex_read_1: tensor[693]: name = blk.39.attn_v.weight, size = 1114112, offset = 39341728256, type = q8_0, n_elts = 32768
gguf_ex_read_1: tensor[694]: name = blk.39.ffn_down_exps.weight, size = 301989888, offset = 39342842368, type = q4_K, n_elts = 2097152
gguf_ex_read_1: tensor[695]: name = blk.39.ffn_down_shexp.weight, size = 860160, offset = 39644832256, type = q6_K, n_elts = 4096
gguf_ex_read_1: tensor[696]: name = blk.39.ffn_gate_exps.weight, size = 301989888, offset = 39645692416, type = q4_K, n_elts = 2097152
gguf_ex_read_1: tensor[697]: name = blk.39.ffn_gate_inp.weight, size = 4194304, offset = 39947682304, type = f32, n_elts = 1048576
gguf_ex_read_1: tensor[698]: name = blk.39.ffn_gate_inp_shexp.weight, size = 8192, offset = 39951876608, type = f32, n_elts = 2048
gguf_ex_read_1: tensor[699]: name = blk.39.ffn_gate_shexp.weight, size = 860160, offset = 39951884800, type = q6_K, n_elts = 4096
gguf_ex_read_1: tensor[700]: name = blk.39.ffn_up_exps.weight, size = 301989888, offset = 39952744960, type = q4_K, n_elts = 2097152
gguf_ex_read_1: tensor[701]: name = blk.39.ffn_up_shexp.weight, size = 860160, offset = 40254734848, type = q6_K, n_elts = 4096
gguf_ex_read_1: tensor[702]: name = blk.39.post_attention_norm.weight, size = 8192, offset = 40255595008, type = f32, n_elts = 2048
gguf_ex_read_1: tensor[703]: name = blk.40.attn_gate.weight, size = 4718592, offset = 40255603200, type = q4_K, n_elts = 32768
gguf_ex_read_1: tensor[704]: name = blk.40.attn_norm.weight, size = 8192, offset = 40260321792, type = f32, n_elts = 2048
gguf_ex_read_1: tensor[705]: name = blk.40.attn_qkv.weight, size = 11534336, offset = 40260329984, type = q5_K, n_elts = 65536
gguf_ex_read_1: tensor[706]: name = blk.40.ffn_down_exps.weight, size = 301989888, offset = 40271864320, type = q4_K, n_elts = 2097152
gguf_ex_read_1: tensor[707]: name = blk.40.ffn_down_shexp.weight, size = 860160, offset = 40573854208, type = q6_K, n_elts = 4096
gguf_ex_read_1: tensor[708]: name = blk.40.ffn_gate_exps.weight, size = 301989888, offset = 40574714368, type = q4_K, n_elts = 2097152
gguf_ex_read_1: tensor[709]: name = blk.40.ffn_gate_inp.weight, size = 4194304, offset = 40876704256, type = f32, n_elts = 1048576
gguf_ex_read_1: tensor[710]: name = blk.40.ffn_gate_inp_shexp.weight, size = 8192, offset = 40880898560, type = f32, n_elts = 2048
gguf_ex_read_1: tensor[711]: name = blk.40.ffn_gate_shexp.weight, size = 860160, offset = 40880906752, type = q6_K, n_elts = 4096
gguf_ex_read_1: tensor[712]: name = blk.40.ffn_up_exps.weight, size = 301989888, offset = 40881766912, type = q4_K, n_elts = 2097152
gguf_ex_read_1: tensor[713]: name = blk.40.ffn_up_shexp.weight, size = 860160, offset = 41183756800, type = q6_K, n_elts = 4096
gguf_ex_read_1: tensor[714]: name = blk.40.post_attention_norm.weight, size = 8192, offset = 41184616960, type = f32, n_elts = 2048
gguf_ex_read_1: tensor[715]: name = blk.40.ssm_a, size = 128, offset = 41184625152, type = f32, n_elts = 32
gguf_ex_read_1: tensor[716]: name = blk.40.ssm_ba.weight, size = 139264, offset = 41184625280, type = q8_0, n_elts = 4096
gguf_ex_read_1: tensor[717]: name = blk.40.ssm_conv1d.weight, size = 131072, offset = 41184764544, type = f32, n_elts = 32768
gguf_ex_read_1: tensor[718]: name = blk.40.ssm_dt.bias, size = 128, offset = 41184895616, type = f32, n_elts = 32
gguf_ex_read_1: tensor[719]: name = blk.40.ssm_norm.weight, size = 512, offset = 41184895744, type = f32, n_elts = 128
gguf_ex_read_1: tensor[720]: name = blk.40.ssm_out.weight, size = 8912896, offset = 41184896256, type = q8_0, n_elts = 262144
gguf_ex_read_1: tensor[721]: name = blk.41.attn_gate.weight, size = 4718592, offset = 41193809152, type = q4_K, n_elts = 32768
gguf_ex_read_1: tensor[722]: name = blk.41.attn_norm.weight, size = 8192, offset = 41198527744, type = f32, n_elts = 2048
gguf_ex_read_1: tensor[723]: name = blk.41.attn_qkv.weight, size = 11534336, offset = 41198535936, type = q5_K, n_elts = 65536
gguf_ex_read_1: tensor[724]: name = blk.41.ffn_down_exps.weight, size = 440401920, offset = 41210070272, type = q6_K, n_elts = 2097152
gguf_ex_read_1: tensor[725]: name = blk.41.ffn_down_shexp.weight, size = 1114112, offset = 41650472192, type = q8_0, n_elts = 32768
gguf_ex_read_1: tensor[726]: name = blk.41.ffn_gate_exps.weight, size = 301989888, offset = 41651586304, type = q4_K, n_elts = 2097152
gguf_ex_read_1: tensor[727]: name = blk.41.ffn_gate_inp.weight, size = 4194304, offset = 41953576192, type = f32, n_elts = 1048576
gguf_ex_read_1: tensor[728]: name = blk.41.ffn_gate_inp_shexp.weight, size = 8192, offset = 41957770496, type = f32, n_elts = 2048
gguf_ex_read_1: tensor[729]: name = blk.41.ffn_gate_shexp.weight, size = 1114112, offset = 41957778688, type = q8_0, n_elts = 32768
gguf_ex_read_1: tensor[730]: name = blk.41.ffn_up_exps.weight, size = 301989888, offset = 41958892800, type = q4_K, n_elts = 2097152
gguf_ex_read_1: tensor[731]: name = blk.41.ffn_up_shexp.weight, size = 1114112, offset = 42260882688, type = q8_0, n_elts = 32768
gguf_ex_read_1: tensor[732]: name = blk.41.post_attention_norm.weight, size = 8192, offset = 42261996800, type = f32, n_elts = 2048
gguf_ex_read_1: tensor[733]: name = blk.41.ssm_a, size = 128, offset = 42262004992, type = f32, n_elts = 32
gguf_ex_read_1: tensor[734]: name = blk.41.ssm_ba.weight, size = 139264, offset = 42262005120, type = q8_0, n_elts = 4096
gguf_ex_read_1: tensor[735]: name = blk.41.ssm_conv1d.weight, size = 131072, offset = 42262144384, type = f32, n_elts = 32768
gguf_ex_read_1: tensor[736]: name = blk.41.ssm_dt.bias, size = 128, offset = 42262275456, type = f32, n_elts = 32
gguf_ex_read_1: tensor[737]: name = blk.41.ssm_norm.weight, size = 512, offset = 42262275584, type = f32, n_elts = 128
gguf_ex_read_1: tensor[738]: name = blk.41.ssm_out.weight, size = 8912896, offset = 42262276096, type = q8_0, n_elts = 262144
gguf_ex_read_1: tensor[739]: name = blk.42.attn_gate.weight, size = 4718592, offset = 42271188992, type = q4_K, n_elts = 32768
gguf_ex_read_1: tensor[740]: name = blk.42.attn_norm.weight, size = 8192, offset = 42275907584, type = f32, n_elts = 2048
gguf_ex_read_1: tensor[741]: name = blk.42.attn_qkv.weight, size = 11534336, offset = 42275915776, type = q5_K, n_elts = 65536
gguf_ex_read_1: tensor[742]: name = blk.42.ffn_down_exps.weight, size = 440401920, offset = 42287450112, type = q6_K, n_elts = 2097152
gguf_ex_read_1: tensor[743]: name = blk.42.ffn_down_shexp.weight, size = 1114112, offset = 42727852032, type = q8_0, n_elts = 32768
gguf_ex_read_1: tensor[744]: name = blk.42.ffn_gate_exps.weight, size = 301989888, offset = 42728966144, type = q4_K, n_elts = 2097152
gguf_ex_read_1: tensor[745]: name = blk.42.ffn_gate_inp.weight, size = 4194304, offset = 43030956032, type = f32, n_elts = 1048576
gguf_ex_read_1: tensor[746]: name = blk.42.ffn_gate_inp_shexp.weight, size = 8192, offset = 43035150336, type = f32, n_elts = 2048
gguf_ex_read_1: tensor[747]: name = blk.42.ffn_gate_shexp.weight, size = 1114112, offset = 43035158528, type = q8_0, n_elts = 32768
gguf_ex_read_1: tensor[748]: name = blk.42.ffn_up_exps.weight, size = 301989888, offset = 43036272640, type = q4_K, n_elts = 2097152
gguf_ex_read_1: tensor[749]: name = blk.42.ffn_up_shexp.weight, size = 1114112, offset = 43338262528, type = q8_0, n_elts = 32768
gguf_ex_read_1: tensor[750]: name = blk.42.post_attention_norm.weight, size = 8192, offset = 43339376640, type = f32, n_elts = 2048
gguf_ex_read_1: tensor[751]: name = blk.42.ssm_a, size = 128, offset = 43339384832, type = f32, n_elts = 32
gguf_ex_read_1: tensor[752]: name = blk.42.ssm_ba.weight, size = 139264, offset = 43339384960, type = q8_0, n_elts = 4096
gguf_ex_read_1: tensor[753]: name = blk.42.ssm_conv1d.weight, size = 131072, offset = 43339524224, type = f32, n_elts = 32768
gguf_ex_read_1: tensor[754]: name = blk.42.ssm_dt.bias, size = 128, offset = 43339655296, type = f32, n_elts = 32
gguf_ex_read_1: tensor[755]: name = blk.42.ssm_norm.weight, size = 512, offset = 43339655424, type = f32, n_elts = 128
gguf_ex_read_1: tensor[756]: name = blk.42.ssm_out.weight, size = 8912896, offset = 43339655936, type = q8_0, n_elts = 262144
gguf_ex_read_1: tensor[757]: name = blk.43.attn_k.weight, size = 1114112, offset = 43348568832, type = q8_0, n_elts = 32768
gguf_ex_read_1: tensor[758]: name = blk.43.attn_k_norm.weight, size = 1024, offset = 43349682944, type = f32, n_elts = 256
gguf_ex_read_1: tensor[759]: name = blk.43.attn_norm.weight, size = 8192, offset = 43349683968, type = f32, n_elts = 2048
gguf_ex_read_1: tensor[760]: name = blk.43.attn_output.weight, size = 6881280, offset = 43349692160, type = q6_K, n_elts = 32768
gguf_ex_read_1: tensor[761]: name = blk.43.attn_q.weight, size = 9437184, offset = 43356573440, type = q4_K, n_elts = 65536
gguf_ex_read_1: tensor[762]: name = blk.43.attn_q_norm.weight, size = 1024, offset = 43366010624, type = f32, n_elts = 256
gguf_ex_read_1: tensor[763]: name = blk.43.attn_v.weight, size = 1114112, offset = 43366011648, type = q8_0, n_elts = 32768
gguf_ex_read_1: tensor[764]: name = blk.43.ffn_down_exps.weight, size = 440401920, offset = 43367125760, type = q6_K, n_elts = 2097152
gguf_ex_read_1: tensor[765]: name = blk.43.ffn_down_shexp.weight, size = 1114112, offset = 43807527680, type = q8_0, n_elts = 32768
gguf_ex_read_1: tensor[766]: name = blk.43.ffn_gate_exps.weight, size = 301989888, offset = 43808641792, type = q4_K, n_elts = 2097152
gguf_ex_read_1: tensor[767]: name = blk.43.ffn_gate_inp.weight, size = 4194304, offset = 44110631680, type = f32, n_elts = 1048576
gguf_ex_read_1: tensor[768]: name = blk.43.ffn_gate_inp_shexp.weight, size = 8192, offset = 44114825984, type = f32, n_elts = 2048
gguf_ex_read_1: tensor[769]: name = blk.43.ffn_gate_shexp.weight, size = 1114112, offset = 44114834176, type = q8_0, n_elts = 32768
gguf_ex_read_1: tensor[770]: name = blk.43.ffn_up_exps.weight, size = 301989888, offset = 44115948288, type = q4_K, n_elts = 2097152
gguf_ex_read_1: tensor[771]: name = blk.43.ffn_up_shexp.weight, size = 1114112, offset = 44417938176, type = q8_0, n_elts = 32768
gguf_ex_read_1: tensor[772]: name = blk.43.post_attention_norm.weight, size = 8192, offset = 44419052288, type = f32, n_elts = 2048
gguf_ex_read_1: tensor[773]: name = blk.44.attn_gate.weight, size = 4718592, offset = 44419060480, type = q4_K, n_elts = 32768
gguf_ex_read_1: tensor[774]: name = blk.44.attn_norm.weight, size = 8192, offset = 44423779072, type = f32, n_elts = 2048
gguf_ex_read_1: tensor[775]: name = blk.44.attn_qkv.weight, size = 11534336, offset = 44423787264, type = q5_K, n_elts = 65536
gguf_ex_read_1: tensor[776]: name = blk.44.ffn_down_exps.weight, size = 440401920, offset = 44435321600, type = q6_K, n_elts = 2097152
gguf_ex_read_1: tensor[777]: name = blk.44.ffn_down_shexp.weight, size = 1114112, offset = 44875723520, type = q8_0, n_elts = 32768
gguf_ex_read_1: tensor[778]: name = blk.44.ffn_gate_exps.weight, size = 301989888, offset = 44876837632, type = q4_K, n_elts = 2097152
gguf_ex_read_1: tensor[779]: name = blk.44.ffn_gate_inp.weight, size = 4194304, offset = 45178827520, type = f32, n_elts = 1048576
gguf_ex_read_1: tensor[780]: name = blk.44.ffn_gate_inp_shexp.weight, size = 8192, offset = 45183021824, type = f32, n_elts = 2048
gguf_ex_read_1: tensor[781]: name = blk.44.ffn_gate_shexp.weight, size = 1114112, offset = 45183030016, type = q8_0, n_elts = 32768
gguf_ex_read_1: tensor[782]: name = blk.44.ffn_up_exps.weight, size = 301989888, offset = 45184144128, type = q4_K, n_elts = 2097152
gguf_ex_read_1: tensor[783]: name = blk.44.ffn_up_shexp.weight, size = 1114112, offset = 45486134016, type = q8_0, n_elts = 32768
gguf_ex_read_1: tensor[784]: name = blk.44.post_attention_norm.weight, size = 8192, offset = 45487248128, type = f32, n_elts = 2048
gguf_ex_read_1: tensor[785]: name = blk.44.ssm_a, size = 128, offset = 45487256320, type = f32, n_elts = 32
gguf_ex_read_1: tensor[786]: name = blk.44.ssm_ba.weight, size = 139264, offset = 45487256448, type = q8_0, n_elts = 4096
gguf_ex_read_1: tensor[787]: name = blk.44.ssm_conv1d.weight, size = 131072, offset = 45487395712, type = f32, n_elts = 32768
gguf_ex_read_1: tensor[788]: name = blk.44.ssm_dt.bias, size = 128, offset = 45487526784, type = f32, n_elts = 32
gguf_ex_read_1: tensor[789]: name = blk.44.ssm_norm.weight, size = 512, offset = 45487526912, type = f32, n_elts = 128
gguf_ex_read_1: tensor[790]: name = blk.44.ssm_out.weight, size = 8912896, offset = 45487527424, type = q8_0, n_elts = 262144
gguf_ex_read_1: tensor[791]: name = blk.45.attn_gate.weight, size = 4718592, offset = 45496440320, type = q4_K, n_elts = 32768
gguf_ex_read_1: tensor[792]: name = blk.45.attn_norm.weight, size = 8192, offset = 45501158912, type = f32, n_elts = 2048
gguf_ex_read_1: tensor[793]: name = blk.45.attn_qkv.weight, size = 11534336, offset = 45501167104, type = q5_K, n_elts = 65536
gguf_ex_read_1: tensor[794]: name = blk.45.ffn_down_exps.weight, size = 440401920, offset = 45512701440, type = q6_K, n_elts = 2097152
gguf_ex_read_1: tensor[795]: name = blk.45.ffn_down_shexp.weight, size = 1114112, offset = 45953103360, type = q8_0, n_elts = 32768
gguf_ex_read_1: tensor[796]: name = blk.45.ffn_gate_exps.weight, size = 301989888, offset = 45954217472, type = q4_K, n_elts = 2097152
gguf_ex_read_1: tensor[797]: name = blk.45.ffn_gate_inp.weight, size = 4194304, offset = 46256207360, type = f32, n_elts = 1048576
gguf_ex_read_1: tensor[798]: name = blk.45.ffn_gate_inp_shexp.weight, size = 8192, offset = 46260401664, type = f32, n_elts = 2048
gguf_ex_read_1: tensor[799]: name = blk.45.ffn_gate_shexp.weight, size = 1114112, offset = 46260409856, type = q8_0, n_elts = 32768
gguf_ex_read_1: tensor[800]: name = blk.45.ffn_up_exps.weight, size = 301989888, offset = 46261523968, type = q4_K, n_elts = 2097152
gguf_ex_read_1: tensor[801]: name = blk.45.ffn_up_shexp.weight, size = 1114112, offset = 46563513856, type = q8_0, n_elts = 32768
gguf_ex_read_1: tensor[802]: name = blk.45.post_attention_norm.weight, size = 8192, offset = 46564627968, type = f32, n_elts = 2048
gguf_ex_read_1: tensor[803]: name = blk.45.ssm_a, size = 128, offset = 46564636160, type = f32, n_elts = 32
gguf_ex_read_1: tensor[804]: name = blk.45.ssm_ba.weight, size = 139264, offset = 46564636288, type = q8_0, n_elts = 4096
gguf_ex_read_1: tensor[805]: name = blk.45.ssm_conv1d.weight, size = 131072, offset = 46564775552, type = f32, n_elts = 32768
gguf_ex_read_1: tensor[806]: name = blk.45.ssm_dt.bias, size = 128, offset = 46564906624, type = f32, n_elts = 32
gguf_ex_read_1: tensor[807]: name = blk.45.ssm_norm.weight, size = 512, offset = 46564906752, type = f32, n_elts = 128
gguf_ex_read_1: tensor[808]: name = blk.45.ssm_out.weight, size = 8912896, offset = 46564907264, type = q8_0, n_elts = 262144
gguf_ex_read_1: tensor[809]: name = blk.46.attn_gate.weight, size = 4718592, offset = 46573820160, type = q4_K, n_elts = 32768
gguf_ex_read_1: tensor[810]: name = blk.46.attn_norm.weight, size = 8192, offset = 46578538752, type = f32, n_elts = 2048
gguf_ex_read_1: tensor[811]: name = blk.46.attn_qkv.weight, size = 11534336, offset = 46578546944, type = q5_K, n_elts = 65536
gguf_ex_read_1: tensor[812]: name = blk.46.ffn_down_exps.weight, size = 440401920, offset = 46590081280, type = q6_K, n_elts = 2097152
gguf_ex_read_1: tensor[813]: name = blk.46.ffn_down_shexp.weight, size = 1114112, offset = 47030483200, type = q8_0, n_elts = 32768
gguf_ex_read_1: tensor[814]: name = blk.46.ffn_gate_exps.weight, size = 301989888, offset = 47031597312, type = q4_K, n_elts = 2097152
gguf_ex_read_1: tensor[815]: name = blk.46.ffn_gate_inp.weight, size = 4194304, offset = 47333587200, type = f32, n_elts = 1048576
gguf_ex_read_1: tensor[816]: name = blk.46.ffn_gate_inp_shexp.weight, size = 8192, offset = 47337781504, type = f32, n_elts = 2048
gguf_ex_read_1: tensor[817]: name = blk.46.ffn_gate_shexp.weight, size = 1114112, offset = 47337789696, type = q8_0, n_elts = 32768
gguf_ex_read_1: tensor[818]: name = blk.46.ffn_up_exps.weight, size = 301989888, offset = 47338903808, type = q4_K, n_elts = 2097152
gguf_ex_read_1: tensor[819]: name = blk.46.ffn_up_shexp.weight, size = 1114112, offset = 47640893696, type = q8_0, n_elts = 32768
gguf_ex_read_1: tensor[820]: name = blk.46.post_attention_norm.weight, size = 8192, offset = 47642007808, type = f32, n_elts = 2048
gguf_ex_read_1: tensor[821]: name = blk.46.ssm_a, size = 128, offset = 47642016000, type = f32, n_elts = 32
gguf_ex_read_1: tensor[822]: name = blk.46.ssm_ba.weighgguf_ex_read_1: tensor[0], data[0]: found -500527562752.000000, expected 100.000000
t, size = 139264, offset = 47642016128, type = q8_0, n_elts = 4096
gguf_ex_read_1: tensor[823]: name = blk.46.ssm_conv1d.weight, size = 131072, offset = 47642155392, type = f32, n_elts = 32768
gguf_ex_read_1: tensor[824]: name = blk.46.ssm_dt.bias, size = 128, offset = 47642286464, type = f32, n_elts = 32
gguf_ex_read_1: tensor[825]: name = blk.46.ssm_norm.weight, size = 512, offset = 47642286592, type = f32, n_elts = 128
gguf_ex_read_1: tensor[826]: name = blk.46.ssm_out.weight, size = 8912896, offset = 47642287104, type = q8_0, n_elts = 262144
gguf_ex_read_1: tensor[827]: name = blk.47.attn_k.weight, size = 1114112, offset = 47651200000, type = q8_0, n_elts = 32768
gguf_ex_read_1: tensor[828]: name = blk.47.attn_k_norm.weight, size = 1024, offset = 47652314112, type = f32, n_elts = 256
gguf_ex_read_1: tensor[829]: name = blk.47.attn_norm.weight, size = 8192, offset = 47652315136, type = f32, n_elts = 2048
gguf_ex_read_1: tensor[830]: name = blk.47.attn_output.weight, size = 6881280, offset = 47652323328, type = q6_K, n_elts = 32768
gguf_ex_read_1: tensor[831]: name = blk.47.attn_q.weight, size = 9437184, offset = 47659204608, type = q4_K, n_elts = 65536
gguf_ex_read_1: tensor[832]: name = blk.47.attn_q_norm.weight, size = 1024, offset = 47668641792, type = f32, n_elts = 256
gguf_ex_read_1: tensor[833]: name = blk.47.attn_v.weight, size = 1114112, offset = 47668642816, type = q8_0, n_elts = 32768
gguf_ex_read_1: tensor[834]: name = blk.47.ffn_down_exps.weight, size = 440401920, offset = 47669756928, type = q6_K, n_elts = 2097152
gguf_ex_read_1: tensor[835]: name = blk.47.ffn_down_shexp.weight, size = 1114112, offset = 48110158848, type = q8_0, n_elts = 32768
gguf_ex_read_1: tensor[836]: name = blk.47.ffn_gate_exps.weight, size = 301989888, offset = 48111272960, type = q4_K, n_elts = 2097152
gguf_ex_read_1: tensor[837]: name = blk.47.ffn_gate_inp.weight, size = 4194304, offset = 48413262848, type = f32, n_elts = 1048576
gguf_ex_read_1: tensor[838]: name = blk.47.ffn_gate_inp_shexp.weight, size = 8192, offset = 48417457152, type = f32, n_elts = 2048
gguf_ex_read_1: tensor[839]: name = blk.47.ffn_gate_shexp.weight, size = 1114112, offset = 48417465344, type = q8_0, n_elts = 32768
gguf_ex_read_1: tensor[840]: name = blk.47.ffn_up_exps.weight, size = 301989888, offset = 48418579456, type = q4_K, n_elts = 2097152
gguf_ex_read_1: tensor[841]: name = blk.47.ffn_up_shexp.weight, size = 1114112, offset = 48720569344, type = q8_0, n_elts = 32768
gguf_ex_read_1: tensor[842]: name = blk.47.post_attention_norm.weight, size = 8192, offset = 48721683456, type = f32, n_elts = 2048
gguf_ex_read_1: reading tensor 0 data
gguf_ex_read_1: tensor[0]: n_dims = 2, ne = (2048, 151936, 1, 1), name = output.weight, data = 0xf391951e31b0
output.weight data[:10] : -500527562752.000000 -0.000000 -0.000000 56.473862 11526521266068449322976055833313411072.000000 -0.000000 -116269233756774628074105084051456.000000 298753036681062907904.000000 567427425465572844249043753213362176.000000 0.000000 

/home/delangi/src/llama.cpp/examples/gguf/gguf.cpp:269: GGML_ASSERT(gguf_ex_read_1(fname, check_data) && "failed to read gguf file") failed

This GDB supports auto-downloading debuginfo from the following URLs:
  <https://debuginfod.ubuntu.com>
Enable debuginfod for this session? (y or [n]) [answered N; input not from terminal]
Debuginfod has been disabled.
To make this setting permanent, add 'set debuginfod enabled off' to .gdbinit.
[Thread debugging using libthread_db enabled]
Using host libthread_db library "/lib/aarch64-linux-gnu/libthread_db.so.1".
0x0000f39ced457b2c in __GI___wait4 (pid=362693, stat_loc=0x0, options=0, usage=0x0) at ../sysdeps/unix/sysv/linux/wait4.c:30
warning: 30	../sysdeps/unix/sysv/linux/wait4.c: 그런 파일이나 디렉터리가 없습니다
#0  0x0000f39ced457b2c in __GI___wait4 (pid=362693, stat_loc=0x0, options=0, usage=0x0) at ../sysdeps/unix/sysv/linux/wait4.c:30
30	in ../sysdeps/unix/sysv/linux/wait4.c
#1  0x0000f39ced83832c in ggml_print_backtrace () from /home/delangi/src/llama.cpp/build/bin/libggml-base.so.0
#2  0x0000f39ced8384d0 in ggml_abort () from /home/delangi/src/llama.cpp/build/bin/libggml-base.so.0
#3  0x0000c1b306982e44 in main ()
[Inferior 1 (process 362224) detached]
